#
# A fatal error has been detected by the Java Runtime Environment:
#
#  EXCEPTION_ACCESS_VIOLATION (0xc0000005) at pc=0x00007ff832573475, pid=23040, tid=10312
#
# JRE version: OpenJDK Runtime Environment (21.0.10) (build 21.0.10+-14961533-b1163.108)
# Java VM: OpenJDK 64-Bit Server VM (21.0.10+-14961533-b1163.108, mixed mode, tiered, compressed oops, compressed class ptrs, g1 gc, windows-amd64)
# Problematic frame:
# V  [jvm.dll+0x223475]
#
# No core dump will be written. Minidumps are not enabled by default on client versions of Windows
#
# If you would like to submit a bug report, please visit:
#   https://youtrack.jetbrains.com/issues/JBR
#

---------------  S U M M A R Y ------------

Command Line: --add-opens=java.base/java.lang=ALL-UNNAMED --add-opens=java.base/java.lang.invoke=ALL-UNNAMED --add-opens=java.base/java.util=ALL-UNNAMED --add-opens=java.prefs/java.util.prefs=ALL-UNNAMED --add-exports=jdk.compiler/com.sun.tools.javac.api=ALL-UNNAMED --add-exports=jdk.compiler/com.sun.tools.javac.util=ALL-UNNAMED --add-opens=java.base/java.util=ALL-UNNAMED --add-opens=java.prefs/java.util.prefs=ALL-UNNAMED --add-opens=java.base/java.nio.charset=ALL-UNNAMED --add-opens=java.base/java.net=ALL-UNNAMED --add-opens=java.base/java.util.concurrent.atomic=ALL-UNNAMED --add-opens=java.xml/javax.xml.namespace=ALL-UNNAMED -Xmx2048m -Dfile.encoding=UTF-8 -Duser.country=PE -Duser.language=es -Duser.variant -javaagent:C:\Users\Antryx\.gradle\wrapper\dists\gradle-8.13-bin\5xuhj0ry160q40clulazy9h7d\gradle-8.13\lib\agents\gradle-instrumentation-agent-8.13.jar org.gradle.launcher.daemon.bootstrap.GradleDaemon 8.13

Host: 13th Gen Intel(R) Core(TM) i5-13600K, 20 cores, 31G,  Windows 11 , 64 bit Build 26100 (10.0.26100.8521)
Time: Sat Jun 13 20:01:52 2026 Hora est. Pacífico, Sudamérica elapsed time: 3507.679985 seconds (0d 0h 58m 27s)

---------------  T H R E A D  ---------------

Current thread (0x0000023451e9af70):  WorkerThread "G1 Conc#0"      [id=10312, stack(0x000000973f600000,0x000000973f700000) (1024K)]

Stack: [0x000000973f600000,0x000000973f700000],  sp=0x000000973f6ff8f0,  free space=1022k
Native frames: (J=compiled Java code, j=interpreted, Vv=VM code, C=native code)
V  [jvm.dll+0x223475]
V  [jvm.dll+0x3dfd22]
V  [jvm.dll+0x3393a4]
V  [jvm.dll+0x8944e4]
V  [jvm.dll+0x80fd28]
V  [jvm.dll+0x6d60fd]
C  [ucrtbase.dll+0x2cd30]
C  [KERNEL32.DLL+0x2e957]
C  [ntdll.dll+0x87c1c]


siginfo: EXCEPTION_ACCESS_VIOLATION (0xc0000005), reading address 0x0000000000006100


Registers:
RAX=0x0000000000000001, RBX=0x00000001000e0400, RCX=0x000002346b120430, RDX=0x000000973f6ff980
RSP=0x000000973f6ff8f0, RBP=0x0000000000006000, RSI=0x000000973f6ff980, RDI=0x000000973f6ff980
R8 =0x0000000000000003, R9 =0x0000000000000000, R10=0x0000000000000001, R11=0x0000000000000001
R12=0x0000000000000002, R13=0x00007ff832e8ccd0, R14=0x000000008ac00000, R15=0x000000008ab8c378
RIP=0x00007ff832573475, EFLAGS=0x0000000000010206

XMM[0]=0x0000000000000000 0x0000000000000000
XMM[1]=0x0000000000000000 0x0000000000000000
XMM[2]=0x0000000000000000 0x0000000000000000
XMM[3]=0x0000000000000000 0x0000000000000000
XMM[4]=0x0000000000000000 0x0000000000000000
XMM[5]=0x0000000000000000 0x0000000000000000
XMM[6]=0x0000000000000000 0x0000000000000000
XMM[7]=0x0000000000000000 0x0000000000000000
XMM[8]=0x0000000000000000 0x0000000000000000
XMM[9]=0x0000000000000000 0x0000000000000000
XMM[10]=0x0000000000000000 0x0000000000000000
XMM[11]=0x0000000000000000 0x0000000000000000
XMM[12]=0x0000000000000000 0x0000000000000000
XMM[13]=0x0000000000000000 0x0000000000000000
XMM[14]=0x0000000000000000 0x0000000000000000
XMM[15]=0x0000000000000000 0x0000000000000000
  MXCSR=0x00001fa0


Register to memory mapping:

RAX=0x0000000000000001 is an unknown value
RBX=0x00000001000e0400 is pointing into metadata
RCX=0x000002346b120430 is pointing into metadata
RDX=0x000000973f6ff980 points into unknown readable memory: 0x00007ff832cc32f0 | f0 32 cc 32 f8 7f 00 00
RSP=0x000000973f6ff8f0 points into unknown readable memory: 0x0000000000000001 | 01 00 00 00 00 00 00 00
RBP=0x0000000000006000 is an unknown value
RSI=0x000000973f6ff980 points into unknown readable memory: 0x00007ff832cc32f0 | f0 32 cc 32 f8 7f 00 00
RDI=0x000000973f6ff980 points into unknown readable memory: 0x00007ff832cc32f0 | f0 32 cc 32 f8 7f 00 00
R8 =0x0000000000000003 is an unknown value
R9 =0x0 is null
R10=0x0000000000000001 is an unknown value
R11=0x0000000000000001 is an unknown value
R12=0x0000000000000002 is an unknown value
R13=0x00007ff832e8ccd0 jvm.dll
R14=0x000000008ac00000 is an oop: org.codehaus.groovy.runtime.metaclass.MetaMethodIndex$Entry 
{0x000000008ac00000} - klass: 'org/codehaus/groovy/runtime/metaclass/MetaMethodIndex$Entry'
 - ---- fields (total size 7 words):
 - public 'hash' 'I' @12  -1260685942 (0xb4db758a)
 - public 'nextHashEntry' 'Lorg/codehaus/groovy/runtime/metaclass/MetaMethodIndex$Entry;' @16  null (0x00000000)
 - public 'nextClassEntry' 'Lorg/codehaus/groovy/runtime/metaclass/MetaMethodIndex$Entry;' @20  a 'org/codehaus/groovy/runtime/metaclass/MetaMethodIndex$Entry'{0x000000008ac00038} (0x8ac00038)
 - public 'name' 'Ljava/lang/String;' @24  "notify"{0x0000000080f974b8} (0x80f974b8)
 - public 'cls' 'Ljava/lang/Class;' @28  a 'java/lang/Class'{0x0000000081984060} = 'org/gradle/groovy/scripts/DefaultScript' (0x81984060)
 - public 'methods' 'Ljava/lang/Object;' @32  a 'org/codehaus/groovy/reflection/CachedMethod'{0x000000008284ca20} (0x8284ca20)
 - public 'methodsForSuper' 'Ljava/lang/Object;' @36  a 'org/codehaus/groovy/reflection/CachedMethod'{0x000000008284ca20} (0x8284ca20)
 - public 'staticMethods' 'Ljava/lang/Object;' @40  null (0x00000000)
 - public 'cachedMethod' 'Lorg/codehaus/groovy/runtime/metaclass/MetaMethodIndex$CacheEntry;' @44  null (0x00000000)
 - public 'cachedMethodForSuper' 'Lorg/codehaus/groovy/runtime/metaclass/MetaMethodIndex$CacheEntry;' @48  null (0x00000000)
 - public 'cachedStaticMethod' 'Lorg/codehaus/groovy/runtime/metaclass/MetaMethodIndex$CacheEntry;' @52  null (0x00000000)
R15=0x000000008ab8c378 points into unknown readable memory: 0x0000000000000009 | 09 00 00 00 00 00 00 00

Top of Stack: (sp=0x000000973f6ff8f0)
0x000000973f6ff8f0:   0000000000000001 0000000000000001
0x000000973f6ff900:   000000008ab84578 00007ff832682f29
0x000000973f6ff910:   000000008ab8c378 00007ff83272fd22
0x000000973f6ff920:   000000008ab8c2a4 000000973f6ff980
0x000000973f6ff930:   0000023451e88e10 0000023451e88e10
0x000000973f6ff940:   000000973f5ff7d0 000000008ac00000
0x000000973f6ff950:   000000000d624054 00007ff8326893a4
0x000000973f6ff960:   0000000000000004 00000001000e0400
0x000000973f6ff970:   000000008ab8c378 0000000000000001
0x000000973f6ff980:   00007ff832cc32f0 0000000000000000
0x000000973f6ff990:   0000000000000003 0000023451e40a10
0x000000973f6ff9a0:   0000023451e88e10 0000000000000002
0x000000973f6ff9b0:   0000000000000034 0000000000000000
0x000000973f6ff9c0:   0000000000000030 0000000000000000
0x000000973f6ff9d0:   0000023451e9af70 00007ff832be44e4
0x000000973f6ff9e0:   0000023451e368d8 0000023451ea4bd0
0x000000973f6ff9f0:   0000000000000002 0000000000000002
0x000000973f6ffa00:   0000000000000000 0000023451e9af70
0x000000973f6ffa10:   0000000000100000 0000000000000000
0x000000973f6ffa20:   0000000000000000 00007ff832b5fd28
0x000000973f6ffa30:   0000023451e9af70 00000000ffffffff
0x000000973f6ffa40:   000000973f6ff000 000000973f600000
0x000000973f6ffa50:   0000000000000004 0000000000001000
0x000000973f6ffa60:   0000000400001000 0000000000020000
0x000000973f6ffa70:   0000000000000000 00007ff90446806b
0x000000973f6ffa80:   0000023451e9af70 0000000000000000
0x000000973f6ffa90:   0000000000000000 00007ff90486c45f
0x000000973f6ffaa0:   0000000000000000 00007ff832a260fd
0x000000973f6ffab0:   0000000000000000 0000023451e9af70
0x000000973f6ffac0:   00000000000075a3 0000000000000000
0x000000973f6ffad0:   0000000000000000 00007ff90488cd30
0x000000973f6ffae0:   00000234000075a3 0000023451e9cd20 

Instructions: (pc=0x00007ff832573475)
0x00007ff832573375:   20 48 8b 41 48 48 8b e9 48 85 c0 0f 85 90 00 00
0x00007ff832573385:   00 48 89 5c 24 30 48 8b 1d 4e 23 99 00 48 89 74
0x00007ff832573395:   24 38 48 85 db 74 08 48 8b cb e8 4c 38 48 00 48
0x00007ff8325733a5:   8b 75 48 48 85 f6 75 4f 45 33 c0 48 89 7c 24 40
0x00007ff8325733b5:   b2 14 b9 70 03 00 00 e8 ff 7a e9 ff 48 85 c0 74
0x00007ff8325733c5:   0d 48 8b c8 e8 32 7e 47 00 48 8b f0 eb 02 33 f6
0x00007ff8325733d5:   48 8b 7d 18 48 85 ff 74 08 48 8b cf e8 8a 38 48
0x00007ff8325733e5:   00 48 89 75 48 48 85 ff 74 08 48 8b cf e8 19 3a
0x00007ff8325733f5:   48 00 48 8b 7c 24 40 48 85 db 74 08 48 8b cb e8
0x00007ff832573405:   07 3a 48 00 48 8b 5c 24 30 48 8b c6 48 8b 74 24
0x00007ff832573415:   38 48 83 c4 20 5d c3 cc cc cc cc 48 89 5c 24 08
0x00007ff832573425:   57 48 83 ec 20 48 8b d9 48 8b fa 48 8b 49 50 48
0x00007ff832573435:   85 c9 74 02 ff d7 48 8b 43 48 48 85 c0 74 0c 48
0x00007ff832573445:   8b 4b 48 48 8b d7 e8 10 86 47 00 48 8b 5c 24 30
0x00007ff832573455:   48 83 c4 20 5f c3 cc cc cc cc cc 48 89 6c 24 18
0x00007ff832573465:   56 48 83 ec 20 48 8b 29 48 8b f2 48 85 ed 74 78
0x00007ff832573475:   8b 85 00 01 00 00 48 89 5c 24 30 48 89 7c 24 38
0x00007ff832573485:   85 c0 74 1d 48 8b dd 8b f8 66 90 48 8b 06 48 8b
0x00007ff832573495:   d3 48 8b ce ff 50 08 48 83 c3 08 48 83 ef 01 75
0x00007ff8325734a5:   ea 48 8b bd 08 01 00 00 48 85 ff 74 31 8b 87 00
0x00007ff8325734b5:   01 00 00 85 c0 74 1b 48 8b df 8b e8 48 8b 06 48
0x00007ff8325734c5:   8b d3 48 8b ce ff 50 08 48 83 c3 08 48 83 ed 01
0x00007ff8325734d5:   75 ea 48 8b bf 08 01 00 00 48 85 ff 75 cf 48 8b
0x00007ff8325734e5:   5c 24 30 48 8b 7c 24 38 48 8b 6c 24 40 48 83 c4
0x00007ff8325734f5:   20 5e c3 cc cc cc cc cc cc cc cc 40 53 48 8b d9
0x00007ff832573505:   45 85 c0 74 37 44 8b 59 28 45 8b d3 45 23 d0 45
0x00007ff832573515:   3b d0 74 3b 0f 1f 80 00 00 00 00 41 8b cb 41 8b
0x00007ff832573525:   c3 41 0b c8 f0 0f b1 4b 28 74 11 44 8b 5b 28 41
0x00007ff832573535:   8b c3 41 23 c0 41 3b c0 75 e1 5b c3 45 84 c9 74
0x00007ff832573545:   04 c6 43 22 00 48 8d 4b 30 5b e9 0c ff ff ff 5b
0x00007ff832573555:   c3 cc cc cc cc cc cc cc cc cc cc 48 8b 41 40 48
0x00007ff832573565:   85 c0 74 09 48 8b 49 40 e9 ee 84 47 00 c3 cc cc 


Stack slot to memory mapping:

stack at sp + 0 slots: 0x0000000000000001 is an unknown value
stack at sp + 1 slots: 0x0000000000000001 is an unknown value
stack at sp + 2 slots: 0x000000008ab84578 is an oop: java.lang.ref.SoftReference 
{0x000000008ab84578} - klass: 'java/lang/ref/SoftReference'
 - ---- fields (total size 5 words):
 - private 'referent' 'Ljava/lang/Object;' @12  a 'java/lang/Class$ReflectionData'{0x000000008ab845a0} (0x8ab845a0)
 - volatile 'queue' 'Ljava/lang/ref/ReferenceQueue;' @16  a 'java/lang/ref/ReferenceQueue$Null'{0x0000000080713d78} (0x80713d78)
 - volatile 'next' 'Ljava/lang/ref/Reference;' @20  null (0x00000000)
 - private transient 'discovered' 'Ljava/lang/ref/Reference;' @24  null (0x00000000)
 - private 'timestamp' 'J' @32  8223940 (0x00000000007d7cc4)
stack at sp + 3 slots: 0x00007ff832682f29 jvm.dll
stack at sp + 4 slots: 0x000000008ab8c378 points into unknown readable memory: 0x0000000000000009 | 09 00 00 00 00 00 00 00
stack at sp + 5 slots: 0x00007ff83272fd22 jvm.dll
stack at sp + 6 slots: 0x000000008ab8c2a4 is pointing into object: java.util.ArrayList 
{0x000000008ab8c290} - klass: 'java/util/ArrayList'
 - ---- fields (total size 3 words):
 - protected transient 'modCount' 'I' @12  0 (0x00000000)
 - private 'size' 'I' @16  0 (0x00000000)
 - transient 'elementData' '[Ljava/lang/Object;' @20  a 'java/lang/Object'[0] {0x000000008082ed50} (0x8082ed50)
stack at sp + 7 slots: 0x000000973f6ff980 points into unknown readable memory: 0x00007ff832cc32f0 | f0 32 cc 32 f8 7f 00 00


---------------  P R O C E S S  ---------------

Threads class SMR info:
_java_thread_list=0x0000023405826960, length=75, elements={
0x000002344f9abfd0, 0x000002346a62d500, 0x000002346a64c4e0, 0x000002346a64cf40,
0x000002346a672990, 0x000002346a673000, 0x000002346a684af0, 0x000002346a6876d0,
0x000002346a6892d0, 0x000002346a6a2dd0, 0x000002346f1d5400, 0x0000023470778060,
0x00000234716f6f60, 0x0000023471498750, 0x0000023470688f90, 0x000002347068b060,
0x0000023470689620, 0x0000023473388340, 0x000002347338a410, 0x0000023473389d80,
0x00000234733889d0, 0x0000023473387cb0, 0x000002347338aaa0, 0x0000023474550f30,
0x00000234745522e0, 0x0000023473f180e0, 0x0000023473f15980, 0x0000023473f18e00,
0x0000023476504740, 0x000002347d7e41e0, 0x0000023470f19d20, 0x0000023470f1a3b0,
0x0000023470f1aa40, 0x0000023470f1b0d0, 0x0000023470f1bdf0, 0x0000023470f18970,
0x0000023470f1e550, 0x0000023470f1d1a0, 0x0000023470f1ebe0, 0x0000023470f1c480,
0x0000023470f1cb10, 0x0000023470f20cb0, 0x0000023478178f10, 0x00000234781795a0,
0x0000023478176120, 0x00000234781767b0, 0x0000023478176e40, 0x000002347817a950,
0x000002347817afe0, 0x000002347817ca20, 0x000002347817b670, 0x000002347817bd00,
0x000002347817c390, 0x000002347817d0b0, 0x000002347817d740, 0x000002347817a2c0,
0x000002347817e460, 0x0000023478180bc0, 0x0000023478180530, 0x000002347817f810,
0x0000023478181250, 0x000002347817eaf0, 0x000002347817fea0, 0x000002347817ddd0,
0x0000023478182600, 0x00000234781818e0, 0x000002347817f180, 0x0000023478184d60,
0x00000234781853f0, 0x00000234781867a0, 0x0000023478183320, 0x0000023475bfcf00,
0x000002347091f310, 0x0000023473c957b0, 0x00000234781846d0
}

Java Threads: ( => current thread )
  0x000002344f9abfd0 JavaThread "main"                              [_thread_blocked, id=22640, stack(0x000000973f300000,0x000000973f400000) (1024K)]
  0x000002346a62d500 JavaThread "Common-Cleaner"             daemon [_thread_blocked, id=23840, stack(0x000000973fb00000,0x000000973fc00000) (1024K)]
  0x000002346a64c4e0 JavaThread "Reference Handler"          daemon [_thread_blocked, id=3216, stack(0x000000973fc00000,0x000000973fd00000) (1024K)]
  0x000002346a64cf40 JavaThread "Finalizer"                  daemon [_thread_blocked, id=23792, stack(0x000000973fd00000,0x000000973fe00000) (1024K)]
  0x000002346a672990 JavaThread "Signal Dispatcher"          daemon [_thread_blocked, id=4444, stack(0x000000973fe00000,0x000000973ff00000) (1024K)]
  0x000002346a673000 JavaThread "Attach Listener"            daemon [_thread_blocked, id=23340, stack(0x000000973ff00000,0x0000009740000000) (1024K)]
  0x000002346a684af0 JavaThread "Service Thread"             daemon [_thread_blocked, id=15452, stack(0x0000009740000000,0x0000009740100000) (1024K)]
  0x000002346a6876d0 JavaThread "Monitor Deflation Thread"   daemon [_thread_blocked, id=5176, stack(0x0000009740100000,0x0000009740200000) (1024K)]
  0x000002346a6892d0 JavaThread "C2 CompilerThread0"         daemon [_thread_in_native, id=14748, stack(0x0000009740200000,0x0000009740300000) (1024K)]
  0x000002346a6a2dd0 JavaThread "C1 CompilerThread0"         daemon [_thread_blocked, id=20404, stack(0x0000009740300000,0x0000009740400000) (1024K)]
  0x000002346f1d5400 JavaThread "Notification Thread"        daemon [_thread_blocked, id=18472, stack(0x0000009740500000,0x0000009740600000) (1024K)]
  0x0000023470778060 JavaThread "Daemon health stats"               [_thread_blocked, id=25388, stack(0x0000009741600000,0x0000009741700000) (1024K)]
  0x00000234716f6f60 JavaThread "Incoming local TCP Connector on port 61438"        [_thread_in_native, id=26280, stack(0x0000009741700000,0x0000009741800000) (1024K)]
  0x0000023471498750 JavaThread "Daemon periodic checks"            [_thread_blocked, id=9096, stack(0x0000009741800000,0x0000009741900000) (1024K)]
  0x0000023470688f90 JavaThread "Cache worker for journal cache (C:\Users\Antryx\.gradle\caches\journal-1)"        [_thread_blocked, id=20376, stack(0x0000009742600000,0x0000009742700000) (1024K)]
  0x000002347068b060 JavaThread "File lock request listener"        [_thread_in_native, id=7520, stack(0x0000009742700000,0x0000009742800000) (1024K)]
  0x0000023470689620 JavaThread "Cache worker for file hash cache (C:\Users\Antryx\.gradle\caches\8.13\fileHashes)"        [_thread_blocked, id=3044, stack(0x0000009742800000,0x0000009742900000) (1024K)]
  0x0000023473388340 JavaThread "File watcher server"        daemon [_thread_in_native, id=14420, stack(0x0000009742b00000,0x0000009742c00000) (1024K)]
  0x000002347338a410 JavaThread "File watcher consumer"      daemon [_thread_blocked, id=22856, stack(0x0000009742c00000,0x0000009742d00000) (1024K)]
  0x0000023473389d80 JavaThread "jar transforms"                    [_thread_blocked, id=20648, stack(0x0000009742d00000,0x0000009742e00000) (1024K)]
  0x00000234733889d0 JavaThread "jar transforms Thread 2"           [_thread_blocked, id=20760, stack(0x0000009742e00000,0x0000009742f00000) (1024K)]
  0x0000023473387cb0 JavaThread "Cache worker for file content cache (C:\Users\Antryx\.gradle\caches\8.13\fileContent)"        [_thread_blocked, id=14532, stack(0x0000009743100000,0x0000009743200000) (1024K)]
  0x000002347338aaa0 JavaThread "jar transforms Thread 3"           [_thread_blocked, id=7932, stack(0x0000009743200000,0x0000009743300000) (1024K)]
  0x0000023474550f30 JavaThread "jar transforms Thread 4"           [_thread_blocked, id=10248, stack(0x0000009744900000,0x0000009744a00000) (1024K)]
  0x00000234745522e0 JavaThread "jar transforms Thread 5"           [_thread_blocked, id=14196, stack(0x0000009744a00000,0x0000009744b00000) (1024K)]
  0x0000023473f180e0 JavaThread "jar transforms Thread 6"           [_thread_blocked, id=26236, stack(0x0000009745500000,0x0000009745600000) (1024K)]
  0x0000023473f15980 JavaThread "jar transforms Thread 7"           [_thread_blocked, id=11980, stack(0x0000009745600000,0x0000009745700000) (1024K)]
  0x0000023473f18e00 JavaThread "jar transforms Thread 8"           [_thread_blocked, id=24124, stack(0x0000009745700000,0x0000009745800000) (1024K)]
  0x0000023476504740 JavaThread "Memory manager"                    [_thread_blocked, id=18536, stack(0x0000009747c00000,0x0000009747d00000) (1024K)]
  0x000002347d7e41e0 JavaThread "Cache worker for Java compile cache (C:\Users\Antryx\.gradle\caches\8.13\javaCompile)"        [_thread_blocked, id=22124, stack(0x000000974b700000,0x000000974b800000) (1024K)]
  0x0000023470f19d20 JavaThread "jar transforms Thread 9"           [_thread_blocked, id=15188, stack(0x0000009741a00000,0x0000009741b00000) (1024K)]
  0x0000023470f1a3b0 JavaThread "jar transforms Thread 10"          [_thread_blocked, id=10924, stack(0x0000009741b00000,0x0000009741c00000) (1024K)]
  0x0000023470f1aa40 JavaThread "jar transforms Thread 11"          [_thread_blocked, id=12180, stack(0x0000009741c00000,0x0000009741d00000) (1024K)]
  0x0000023470f1b0d0 JavaThread "jar transforms Thread 12"          [_thread_blocked, id=26188, stack(0x0000009741d00000,0x0000009741e00000) (1024K)]
  0x0000023470f1bdf0 JavaThread "jar transforms Thread 13"          [_thread_blocked, id=12776, stack(0x0000009741e00000,0x0000009741f00000) (1024K)]
  0x0000023470f18970 JavaThread "jar transforms Thread 14"          [_thread_blocked, id=8000, stack(0x0000009741f00000,0x0000009742000000) (1024K)]
  0x0000023470f1e550 JavaThread "jar transforms Thread 15"          [_thread_blocked, id=16476, stack(0x0000009742900000,0x0000009742a00000) (1024K)]
  0x0000023470f1d1a0 JavaThread "jar transforms Thread 16"          [_thread_blocked, id=23544, stack(0x0000009742a00000,0x0000009742b00000) (1024K)]
  0x0000023470f1ebe0 JavaThread "jar transforms Thread 17"          [_thread_blocked, id=9548, stack(0x0000009742f00000,0x0000009743000000) (1024K)]
  0x0000023470f1c480 JavaThread "jar transforms Thread 18"          [_thread_blocked, id=11432, stack(0x0000009743000000,0x0000009743100000) (1024K)]
  0x0000023470f1cb10 JavaThread "jar transforms Thread 19"          [_thread_blocked, id=6616, stack(0x0000009743300000,0x0000009743400000) (1024K)]
  0x0000023470f20cb0 JavaThread "jar transforms Thread 20"          [_thread_blocked, id=25560, stack(0x0000009743400000,0x0000009743500000) (1024K)]
  0x0000023478178f10 JavaThread "Daemon Thread 8"                   [_thread_blocked, id=16176, stack(0x000000973f000000,0x000000973f100000) (1024K)]
  0x00000234781795a0 JavaThread "Handler for socket connection from /127.0.0.1:61438 to /127.0.0.1:63494"        [_thread_in_native, id=27484, stack(0x000000973f100000,0x000000973f200000) (1024K)]
  0x0000023478176120 JavaThread "Cancel handler"                    [_thread_blocked, id=14600, stack(0x000000973f200000,0x000000973f300000) (1024K)]
  0x00000234781767b0 JavaThread "Daemon worker Thread 8"            [_thread_in_Java, id=13144, stack(0x0000009740400000,0x0000009740500000) (1024K)]
  0x0000023478176e40 JavaThread "Asynchronous log dispatcher for DefaultDaemonConnection: socket connection from /127.0.0.1:61438 to /127.0.0.1:63494"        [_thread_blocked, id=11908, stack(0x0000009740600000,0x0000009740700000) (1024K)]
  0x000002347817a950 JavaThread "Stdin handler"                     [_thread_blocked, id=2276, stack(0x0000009740700000,0x0000009740800000) (1024K)]
  0x000002347817afe0 JavaThread "Daemon client event forwarder"        [_thread_blocked, id=6508, stack(0x0000009740800000,0x0000009740900000) (1024K)]
  0x000002347817ca20 JavaThread "Cache worker for file hash cache (D:\Adroid Projects\GPS_Project\.gradle\8.13\fileHashes)"        [_thread_blocked, id=24048, stack(0x0000009740900000,0x0000009740a00000) (1024K)]
  0x000002347817b670 JavaThread "Cache worker for Build Output Cleanup Cache (D:\Adroid Projects\GPS_Project\.gradle\buildOutputCleanup)"        [_thread_blocked, id=508, stack(0x0000009741500000,0x0000009741600000) (1024K)]
  0x000002347817bd00 JavaThread "Cache worker for checksums cache (D:\Adroid Projects\GPS_Project\.gradle\8.13\checksums)"        [_thread_blocked, id=14092, stack(0x0000009743500000,0x0000009743600000) (1024K)]
  0x000002347817c390 JavaThread "Cache worker for cache directory md-supplier (C:\Users\Antryx\.gradle\caches\8.13\md-supplier)"        [_thread_blocked, id=472, stack(0x0000009743600000,0x0000009743700000) (1024K)]
  0x000002347817d0b0 JavaThread "Cache worker for cache directory md-rule (C:\Users\Antryx\.gradle\caches\8.13\md-rule)"        [_thread_blocked, id=26440, stack(0x0000009743700000,0x0000009743800000) (1024K)]
  0x000002347817d740 JavaThread "Unconstrained build operations"        [_thread_blocked, id=8884, stack(0x0000009743800000,0x0000009743900000) (1024K)]
  0x000002347817a2c0 JavaThread "Unconstrained build operations Thread 2"        [_thread_blocked, id=27568, stack(0x0000009743900000,0x0000009743a00000) (1024K)]
  0x000002347817e460 JavaThread "Unconstrained build operations Thread 3"        [_thread_blocked, id=10508, stack(0x0000009743a00000,0x0000009743b00000) (1024K)]
  0x0000023478180bc0 JavaThread "Unconstrained build operations Thread 4"        [_thread_blocked, id=17340, stack(0x0000009743b00000,0x0000009743c00000) (1024K)]
  0x0000023478180530 JavaThread "Unconstrained build operations Thread 5"        [_thread_blocked, id=27120, stack(0x0000009743c00000,0x0000009743d00000) (1024K)]
  0x000002347817f810 JavaThread "Unconstrained build operations Thread 6"        [_thread_blocked, id=9448, stack(0x0000009743d00000,0x0000009743e00000) (1024K)]
  0x0000023478181250 JavaThread "Unconstrained build operations Thread 7"        [_thread_blocked, id=19728, stack(0x0000009743e00000,0x0000009743f00000) (1024K)]
  0x000002347817eaf0 JavaThread "Unconstrained build operations Thread 8"        [_thread_blocked, id=10824, stack(0x0000009743f00000,0x0000009744000000) (1024K)]
  0x000002347817fea0 JavaThread "Unconstrained build operations Thread 9"        [_thread_blocked, id=18112, stack(0x0000009744000000,0x0000009744100000) (1024K)]
  0x000002347817ddd0 JavaThread "Unconstrained build operations Thread 10"        [_thread_blocked, id=15040, stack(0x0000009744100000,0x0000009744200000) (1024K)]
  0x0000023478182600 JavaThread "Unconstrained build operations Thread 11"        [_thread_blocked, id=26380, stack(0x0000009744200000,0x0000009744300000) (1024K)]
  0x00000234781818e0 JavaThread "Unconstrained build operations Thread 12"        [_thread_blocked, id=26924, stack(0x0000009744300000,0x0000009744400000) (1024K)]
  0x000002347817f180 JavaThread "Unconstrained build operations Thread 13"        [_thread_blocked, id=7128, stack(0x0000009744400000,0x0000009744500000) (1024K)]
  0x0000023478184d60 JavaThread "Unconstrained build operations Thread 14"        [_thread_blocked, id=26772, stack(0x0000009744500000,0x0000009744600000) (1024K)]
  0x00000234781853f0 JavaThread "Unconstrained build operations Thread 15"        [_thread_blocked, id=12124, stack(0x0000009744600000,0x0000009744700000) (1024K)]
  0x00000234781867a0 JavaThread "Unconstrained build operations Thread 16"        [_thread_blocked, id=20008, stack(0x0000009744700000,0x0000009744800000) (1024K)]
  0x0000023478183320 JavaThread "Unconstrained build operations Thread 17"        [_thread_blocked, id=26880, stack(0x0000009744800000,0x0000009744900000) (1024K)]
  0x0000023475bfcf00 JavaThread "C1 CompilerThread1"         daemon [_thread_blocked, id=27560, stack(0x0000009744b00000,0x0000009744c00000) (1024K)]
  0x000002347091f310 JavaThread "C1 CompilerThread2"         daemon [_thread_blocked, id=27456, stack(0x0000009745200000,0x0000009745300000) (1024K)]
  0x0000023473c957b0 JavaThread "C1 CompilerThread3"         daemon [_thread_blocked, id=26708, stack(0x0000009745300000,0x0000009745400000) (1024K)]
  0x00000234781846d0 JavaThread "Kotlin DSL Writer"                 [_thread_blocked, id=26656, stack(0x0000009745400000,0x0000009745500000) (1024K)]
Total: 75

Other Threads:
  0x000002346a5fe960 VMThread "VM Thread"                           [id=18712, stack(0x000000973fa00000,0x000000973fb00000) (1024K)]
  0x000002346977dff0 WatcherThread "VM Periodic Task Thread"        [id=15876, stack(0x000000973f900000,0x000000973fa00000) (1024K)]
  0x0000023451e88800 WorkerThread "GC Thread#0"                     [id=26100, stack(0x000000973f400000,0x000000973f500000) (1024K)]
  0x000002346f4c9cb0 WorkerThread "GC Thread#1"                     [id=9748, stack(0x0000009740a00000,0x0000009740b00000) (1024K)]
  0x000002346f4ca060 WorkerThread "GC Thread#2"                     [id=19060, stack(0x0000009740b00000,0x0000009740c00000) (1024K)]
  0x000002346f4ca410 WorkerThread "GC Thread#3"                     [id=26340, stack(0x0000009740c00000,0x0000009740d00000) (1024K)]
  0x000002346f40dc90 WorkerThread "GC Thread#4"                     [id=16544, stack(0x0000009740d00000,0x0000009740e00000) (1024K)]
  0x000002346f40e040 WorkerThread "GC Thread#5"                     [id=9196, stack(0x0000009740e00000,0x0000009740f00000) (1024K)]
  0x000002346f40e3f0 WorkerThread "GC Thread#6"                     [id=10112, stack(0x0000009740f00000,0x0000009741000000) (1024K)]
  0x000002346f40e7a0 WorkerThread "GC Thread#7"                     [id=11508, stack(0x0000009741000000,0x0000009741100000) (1024K)]
  0x000002346f79f840 WorkerThread "GC Thread#8"                     [id=23868, stack(0x0000009741100000,0x0000009741200000) (1024K)]
  0x000002346f79fbf0 WorkerThread "GC Thread#9"                     [id=11732, stack(0x0000009741200000,0x0000009741300000) (1024K)]
  0x000002346f79ffa0 WorkerThread "GC Thread#10"                    [id=7528, stack(0x0000009741300000,0x0000009741400000) (1024K)]
  0x000002346f7a0350 WorkerThread "GC Thread#11"                    [id=23712, stack(0x0000009741400000,0x0000009741500000) (1024K)]
  0x00000234701092b0 WorkerThread "GC Thread#12"                    [id=20284, stack(0x0000009742000000,0x0000009742100000) (1024K)]
  0x000002347010a8d0 WorkerThread "GC Thread#13"                    [id=23936, stack(0x0000009742100000,0x0000009742200000) (1024K)]
  0x000002347010a170 WorkerThread "GC Thread#14"                    [id=3232, stack(0x0000009742200000,0x0000009742300000) (1024K)]
  0x0000023451e99700 ConcurrentGCThread "G1 Main Marker"            [id=7996, stack(0x000000973f500000,0x000000973f600000) (1024K)]
=>0x0000023451e9af70 WorkerThread "G1 Conc#0"                       [id=10312, stack(0x000000973f600000,0x000000973f700000) (1024K)]
  0x0000023470109660 WorkerThread "G1 Conc#1"                       [id=15024, stack(0x0000009742300000,0x0000009742400000) (1024K)]
  0x0000023471a48960 WorkerThread "G1 Conc#2"                       [id=6388, stack(0x0000009742400000,0x0000009742500000) (1024K)]
  0x0000023471a48200 WorkerThread "G1 Conc#3"                       [id=24100, stack(0x0000009742500000,0x0000009742600000) (1024K)]
  0x0000023469769060 ConcurrentGCThread "G1 Refine#0"               [id=4864, stack(0x000000973f700000,0x000000973f800000) (1024K)]
  0x0000023469769990 ConcurrentGCThread "G1 Service"                [id=8776, stack(0x000000973f800000,0x000000973f900000) (1024K)]
Total: 24

Threads with active compile tasks:
C2 CompilerThread0  3507704 35348       4       org.jetbrains.kotlin.com.intellij.util.text.CharArrayUtil::regionMatches (83 bytes)
Total: 1

VM state: not at safepoint (normal execution)

VM Mutex/Monitor currently owned by a thread: None

Heap address: 0x0000000080000000, size: 2048 MB, Compressed Oops mode: 32-bit

CDS archive(s) not mapped
Compressed class space mapped at: 0x0000000100000000-0x0000000140000000, reserved size: 1073741824
Narrow klass base: 0x0000000000000000, Narrow klass shift: 3, Narrow klass range: 0x140000000

GC Precious Log:
 CardTable entry size: 512
 Card Set container configuration: InlinePtr #cards 5 size 8 Array Of Cards #cards 12 size 40 Howl #buckets 4 coarsen threshold 1843 Howl Bitmap #cards 512 size 80 coarsen threshold 460 Card regions per heap region 1 cards per card region 2048
 CPUs: 20 total, 20 available
 Memory: 32485M
 Large Page Support: Disabled
 NUMA Support: Disabled
 Compressed Oops: Enabled (32-bit)
 Heap Region Size: 1M
 Heap Min Capacity: 8M
 Heap Initial Capacity: 508M
 Heap Max Capacity: 2G
 Pre-touch: Disabled
 Parallel Workers: 15
 Concurrent Workers: 4
 Concurrent Refinement Workers: 15
 Periodic GC: Disabled

Heap:
 garbage-first heap   total 392192K, used 209650K [0x0000000080000000, 0x0000000100000000)
  region size 1024K, 14 young (14336K), 9 survivors (9216K)
 Metaspace       used 208669K, committed 210624K, reserved 1245184K
  class space    used 27822K, committed 28736K, reserved 1048576K

Heap Regions: E=young(eden), S=young(survivor), O=old, HS=humongous(starts), HC=humongous(continues), CS=collection set, F=free, TAMS=top-at-mark-start, PB=parsable bottom
|   0|0x0000000080000000, 0x0000000080100000, 0x0000000080100000|100%|HS|  |TAMS 0x0000000080100000| PB 0x0000000080000000| Complete 
|   1|0x0000000080100000, 0x0000000080200000, 0x0000000080200000|100%|HC|  |TAMS 0x0000000080200000| PB 0x0000000080100000| Complete 
|   2|0x0000000080200000, 0x0000000080300000, 0x0000000080300000|100%|HC|  |TAMS 0x0000000080300000| PB 0x0000000080200000| Complete 
|   3|0x0000000080300000, 0x0000000080400000, 0x0000000080400000|100%| O|  |TAMS 0x0000000080400000| PB 0x0000000080300000| Untracked 
|   4|0x0000000080400000, 0x0000000080500000, 0x0000000080500000|100%| O|  |TAMS 0x0000000080500000| PB 0x0000000080400000| Untracked 
|   5|0x0000000080500000, 0x0000000080600000, 0x0000000080600000|100%| O|  |TAMS 0x0000000080600000| PB 0x0000000080500000| Untracked 
|   6|0x0000000080600000, 0x0000000080700000, 0x0000000080700000|100%|HS|  |TAMS 0x0000000080700000| PB 0x0000000080600000| Complete 
|   7|0x0000000080700000, 0x0000000080800000, 0x0000000080800000|100%| O|  |TAMS 0x0000000080800000| PB 0x0000000080700000| Untracked 
|   8|0x0000000080800000, 0x0000000080900000, 0x0000000080900000|100%| O|  |TAMS 0x0000000080900000| PB 0x0000000080800000| Untracked 
|   9|0x0000000080900000, 0x0000000080a00000, 0x0000000080a00000|100%| O|  |TAMS 0x0000000080a00000| PB 0x0000000080900000| Untracked 
|  10|0x0000000080a00000, 0x0000000080b00000, 0x0000000080b00000|100%| O|  |TAMS 0x0000000080b00000| PB 0x0000000080a00000| Untracked 
|  11|0x0000000080b00000, 0x0000000080c00000, 0x0000000080c00000|100%| O|  |TAMS 0x0000000080c00000| PB 0x0000000080b00000| Untracked 
|  12|0x0000000080c00000, 0x0000000080d00000, 0x0000000080d00000|100%| O|  |TAMS 0x0000000080d00000| PB 0x0000000080c00000| Untracked 
|  13|0x0000000080d00000, 0x0000000080e00000, 0x0000000080e00000|100%| O|  |TAMS 0x0000000080e00000| PB 0x0000000080d00000| Untracked 
|  14|0x0000000080e00000, 0x0000000080f00000, 0x0000000080f00000|100%| O|  |TAMS 0x0000000080f00000| PB 0x0000000080e00000| Untracked 
|  15|0x0000000080f00000, 0x0000000081000000, 0x0000000081000000|100%| O|  |TAMS 0x0000000081000000| PB 0x0000000080f00000| Untracked 
|  16|0x0000000081000000, 0x0000000081100000, 0x0000000081100000|100%| O|  |TAMS 0x0000000081100000| PB 0x0000000081000000| Untracked 
|  17|0x0000000081100000, 0x0000000081200000, 0x0000000081200000|100%| O|  |TAMS 0x0000000081200000| PB 0x0000000081100000| Untracked 
|  18|0x0000000081200000, 0x0000000081300000, 0x0000000081300000|100%| O|  |TAMS 0x0000000081300000| PB 0x0000000081200000| Untracked 
|  19|0x0000000081300000, 0x0000000081400000, 0x0000000081400000|100%| O|  |TAMS 0x0000000081400000| PB 0x0000000081300000| Untracked 
|  20|0x0000000081400000, 0x0000000081500000, 0x0000000081500000|100%| O|  |TAMS 0x0000000081500000| PB 0x0000000081400000| Untracked 
|  21|0x0000000081500000, 0x0000000081600000, 0x0000000081600000|100%| O|  |TAMS 0x0000000081600000| PB 0x0000000081500000| Untracked 
|  22|0x0000000081600000, 0x0000000081700000, 0x0000000081700000|100%| O|  |TAMS 0x0000000081700000| PB 0x0000000081600000| Untracked 
|  23|0x0000000081700000, 0x0000000081800000, 0x0000000081800000|100%| O|  |TAMS 0x0000000081800000| PB 0x0000000081700000| Untracked 
|  24|0x0000000081800000, 0x0000000081900000, 0x0000000081900000|100%| O|  |TAMS 0x0000000081900000| PB 0x0000000081800000| Untracked 
|  25|0x0000000081900000, 0x0000000081a00000, 0x0000000081a00000|100%| O|  |TAMS 0x0000000081a00000| PB 0x0000000081900000| Untracked 
|  26|0x0000000081a00000, 0x0000000081b00000, 0x0000000081b00000|100%| O|  |TAMS 0x0000000081b00000| PB 0x0000000081a00000| Untracked 
|  27|0x0000000081b00000, 0x0000000081c00000, 0x0000000081c00000|100%| O|  |TAMS 0x0000000081c00000| PB 0x0000000081b00000| Untracked 
|  28|0x0000000081c00000, 0x0000000081d00000, 0x0000000081d00000|100%|HS|  |TAMS 0x0000000081c00000| PB 0x0000000081c00000| Complete 
|  29|0x0000000081d00000, 0x0000000081e00000, 0x0000000081e00000|100%| O|  |TAMS 0x0000000081e00000| PB 0x0000000081d00000| Untracked 
|  30|0x0000000081e00000, 0x0000000081f00000, 0x0000000081f00000|100%| O|  |TAMS 0x0000000081f00000| PB 0x0000000081e00000| Untracked 
|  31|0x0000000081f00000, 0x0000000082000000, 0x0000000082000000|100%| O|  |TAMS 0x0000000082000000| PB 0x0000000081f00000| Untracked 
|  32|0x0000000082000000, 0x0000000082100000, 0x0000000082100000|100%| O|  |TAMS 0x0000000082100000| PB 0x0000000082000000| Untracked 
|  33|0x0000000082100000, 0x0000000082200000, 0x0000000082200000|100%| O|  |TAMS 0x0000000082200000| PB 0x0000000082100000| Untracked 
|  34|0x0000000082200000, 0x0000000082300000, 0x0000000082300000|100%| O|  |TAMS 0x0000000082300000| PB 0x0000000082200000| Untracked 
|  35|0x0000000082300000, 0x0000000082400000, 0x0000000082400000|100%| O|  |TAMS 0x0000000082400000| PB 0x0000000082300000| Untracked 
|  36|0x0000000082400000, 0x0000000082500000, 0x0000000082500000|100%| O|  |TAMS 0x0000000082500000| PB 0x0000000082400000| Untracked 
|  37|0x0000000082500000, 0x0000000082600000, 0x0000000082600000|100%|HS|  |TAMS 0x0000000082600000| PB 0x0000000082500000| Complete 
|  38|0x0000000082600000, 0x0000000082700000, 0x0000000082700000|100%|HC|  |TAMS 0x0000000082700000| PB 0x0000000082600000| Complete 
|  39|0x0000000082700000, 0x0000000082800000, 0x0000000082800000|100%| O|  |TAMS 0x0000000082800000| PB 0x0000000082700000| Untracked 
|  40|0x0000000082800000, 0x0000000082900000, 0x0000000082900000|100%| O|  |TAMS 0x0000000082900000| PB 0x0000000082800000| Untracked 
|  41|0x0000000082900000, 0x0000000082a00000, 0x0000000082a00000|100%| O|  |TAMS 0x0000000082a00000| PB 0x0000000082900000| Untracked 
|  42|0x0000000082a00000, 0x0000000082b00000, 0x0000000082b00000|100%| O|  |TAMS 0x0000000082b00000| PB 0x0000000082a00000| Untracked 
|  43|0x0000000082b00000, 0x0000000082c00000, 0x0000000082c00000|100%| O|  |TAMS 0x0000000082c00000| PB 0x0000000082b00000| Untracked 
|  44|0x0000000082c00000, 0x0000000082c00000, 0x0000000082d00000|  0%| F|  |TAMS 0x0000000082c00000| PB 0x0000000082c00000| Untracked 
|  45|0x0000000082d00000, 0x0000000082e00000, 0x0000000082e00000|100%| O|  |TAMS 0x0000000082e00000| PB 0x0000000082d00000| Untracked 
|  46|0x0000000082e00000, 0x0000000082e00000, 0x0000000082f00000|  0%| F|  |TAMS 0x0000000082e00000| PB 0x0000000082e00000| Untracked 
|  47|0x0000000082f00000, 0x0000000082f00000, 0x0000000083000000|  0%| F|  |TAMS 0x0000000082f00000| PB 0x0000000082f00000| Untracked 
|  48|0x0000000083000000, 0x0000000083000000, 0x0000000083100000|  0%| F|  |TAMS 0x0000000083000000| PB 0x0000000083000000| Untracked 
|  49|0x0000000083100000, 0x0000000083100000, 0x0000000083200000|  0%| F|  |TAMS 0x0000000083100000| PB 0x0000000083100000| Untracked 
|  50|0x0000000083200000, 0x0000000083300000, 0x0000000083300000|100%|HS|  |TAMS 0x0000000083300000| PB 0x0000000083200000| Complete 
|  51|0x0000000083300000, 0x0000000083400000, 0x0000000083400000|100%|HS|  |TAMS 0x0000000083400000| PB 0x0000000083300000| Complete 
|  52|0x0000000083400000, 0x0000000083500000, 0x0000000083500000|100%|HS|  |TAMS 0x0000000083500000| PB 0x0000000083400000| Complete 
|  53|0x0000000083500000, 0x0000000083600000, 0x0000000083600000|100%|HS|  |TAMS 0x0000000083600000| PB 0x0000000083500000| Complete 
|  54|0x0000000083600000, 0x0000000083700000, 0x0000000083700000|100%| O|  |TAMS 0x0000000083700000| PB 0x0000000083600000| Untracked 
|  55|0x0000000083700000, 0x0000000083800000, 0x0000000083800000|100%|HS|  |TAMS 0x0000000083800000| PB 0x0000000083700000| Complete 
|  56|0x0000000083800000, 0x0000000083900000, 0x0000000083900000|100%|HS|  |TAMS 0x0000000083900000| PB 0x0000000083800000| Complete 
|  57|0x0000000083900000, 0x0000000083900000, 0x0000000083a00000|  0%| F|  |TAMS 0x0000000083900000| PB 0x0000000083900000| Untracked 
|  58|0x0000000083a00000, 0x0000000083a00000, 0x0000000083b00000|  0%| F|  |TAMS 0x0000000083a00000| PB 0x0000000083a00000| Untracked 
|  59|0x0000000083b00000, 0x0000000083b00000, 0x0000000083c00000|  0%| F|  |TAMS 0x0000000083b00000| PB 0x0000000083b00000| Untracked 
|  60|0x0000000083c00000, 0x0000000083c00000, 0x0000000083d00000|  0%| F|  |TAMS 0x0000000083c00000| PB 0x0000000083c00000| Untracked 
|  61|0x0000000083d00000, 0x0000000083e00000, 0x0000000083e00000|100%| O|  |TAMS 0x0000000083e00000| PB 0x0000000083d00000| Untracked 
|  62|0x0000000083e00000, 0x0000000083f00000, 0x0000000083f00000|100%| O|  |TAMS 0x0000000083f00000| PB 0x0000000083e00000| Untracked 
|  63|0x0000000083f00000, 0x0000000084000000, 0x0000000084000000|100%| O|  |TAMS 0x0000000084000000| PB 0x0000000083f00000| Untracked 
|  64|0x0000000084000000, 0x0000000084100000, 0x0000000084100000|100%| O|  |TAMS 0x0000000084100000| PB 0x0000000084000000| Untracked 
|  65|0x0000000084100000, 0x0000000084100000, 0x0000000084200000|  0%| F|  |TAMS 0x0000000084100000| PB 0x0000000084100000| Untracked 
|  66|0x0000000084200000, 0x0000000084300000, 0x0000000084300000|100%| O|  |TAMS 0x0000000084300000| PB 0x0000000084200000| Untracked 
|  67|0x0000000084300000, 0x0000000084300000, 0x0000000084400000|  0%| F|  |TAMS 0x0000000084300000| PB 0x0000000084300000| Untracked 
|  68|0x0000000084400000, 0x0000000084500000, 0x0000000084500000|100%| O|  |TAMS 0x0000000084500000| PB 0x0000000084400000| Untracked 
|  69|0x0000000084500000, 0x0000000084600000, 0x0000000084600000|100%| O|  |TAMS 0x0000000084600000| PB 0x0000000084500000| Untracked 
|  70|0x0000000084600000, 0x0000000084700000, 0x0000000084700000|100%| O|  |TAMS 0x0000000084700000| PB 0x0000000084600000| Untracked 
|  71|0x0000000084700000, 0x0000000084800000, 0x0000000084800000|100%| O|  |TAMS 0x0000000084800000| PB 0x0000000084700000| Untracked 
|  72|0x0000000084800000, 0x0000000084900000, 0x0000000084900000|100%| O|  |TAMS 0x0000000084900000| PB 0x0000000084800000| Untracked 
|  73|0x0000000084900000, 0x0000000084a00000, 0x0000000084a00000|100%| O|  |TAMS 0x0000000084a00000| PB 0x0000000084900000| Untracked 
|  74|0x0000000084a00000, 0x0000000084b00000, 0x0000000084b00000|100%| O|  |TAMS 0x0000000084b00000| PB 0x0000000084a00000| Untracked 
|  75|0x0000000084b00000, 0x0000000084c00000, 0x0000000084c00000|100%|HS|  |TAMS 0x0000000084c00000| PB 0x0000000084b00000| Complete 
|  76|0x0000000084c00000, 0x0000000084d00000, 0x0000000084d00000|100%| O|  |TAMS 0x0000000084d00000| PB 0x0000000084c00000| Untracked 
|  77|0x0000000084d00000, 0x0000000084e00000, 0x0000000084e00000|100%| O|  |TAMS 0x0000000084e00000| PB 0x0000000084d00000| Untracked 
|  78|0x0000000084e00000, 0x0000000084f00000, 0x0000000084f00000|100%| O|  |TAMS 0x0000000084f00000| PB 0x0000000084e00000| Untracked 
|  79|0x0000000084f00000, 0x0000000085000000, 0x0000000085000000|100%| O|  |TAMS 0x0000000085000000| PB 0x0000000084f00000| Untracked 
|  80|0x0000000085000000, 0x0000000085100000, 0x0000000085100000|100%| O|  |TAMS 0x0000000085100000| PB 0x0000000085000000| Untracked 
|  81|0x0000000085100000, 0x0000000085200000, 0x0000000085200000|100%| O|  |TAMS 0x0000000085200000| PB 0x0000000085100000| Untracked 
|  82|0x0000000085200000, 0x0000000085300000, 0x0000000085300000|100%| O|  |TAMS 0x0000000085300000| PB 0x0000000085200000| Untracked 
|  83|0x0000000085300000, 0x0000000085400000, 0x0000000085400000|100%| O|  |TAMS 0x0000000085400000| PB 0x0000000085300000| Untracked 
|  84|0x0000000085400000, 0x0000000085400000, 0x0000000085500000|  0%| F|  |TAMS 0x0000000085400000| PB 0x0000000085400000| Untracked 
|  85|0x0000000085500000, 0x0000000085600000, 0x0000000085600000|100%| O|  |TAMS 0x0000000085600000| PB 0x0000000085500000| Untracked 
|  86|0x0000000085600000, 0x0000000085700000, 0x0000000085700000|100%| O|  |TAMS 0x0000000085700000| PB 0x0000000085600000| Untracked 
|  87|0x0000000085700000, 0x0000000085800000, 0x0000000085800000|100%| O|  |TAMS 0x0000000085800000| PB 0x0000000085700000| Untracked 
|  88|0x0000000085800000, 0x0000000085900000, 0x0000000085900000|100%| O|  |TAMS 0x0000000085900000| PB 0x0000000085800000| Untracked 
|  89|0x0000000085900000, 0x0000000085a00000, 0x0000000085a00000|100%| O|  |TAMS 0x0000000085a00000| PB 0x0000000085900000| Untracked 
|  90|0x0000000085a00000, 0x0000000085a00000, 0x0000000085b00000|  0%| F|  |TAMS 0x0000000085a00000| PB 0x0000000085a00000| Untracked 
|  91|0x0000000085b00000, 0x0000000085c00000, 0x0000000085c00000|100%| O|  |TAMS 0x0000000085c00000| PB 0x0000000085b00000| Untracked 
|  92|0x0000000085c00000, 0x0000000085d00000, 0x0000000085d00000|100%| O|  |TAMS 0x0000000085d00000| PB 0x0000000085c00000| Untracked 
|  93|0x0000000085d00000, 0x0000000085e00000, 0x0000000085e00000|100%| O|  |TAMS 0x0000000085e00000| PB 0x0000000085d00000| Untracked 
|  94|0x0000000085e00000, 0x0000000085e00000, 0x0000000085f00000|  0%| F|  |TAMS 0x0000000085e00000| PB 0x0000000085e00000| Untracked 
|  95|0x0000000085f00000, 0x0000000086000000, 0x0000000086000000|100%| O|  |TAMS 0x0000000086000000| PB 0x0000000085f00000| Untracked 
|  96|0x0000000086000000, 0x0000000086000000, 0x0000000086100000|  0%| F|  |TAMS 0x0000000086000000| PB 0x0000000086000000| Untracked 
|  97|0x0000000086100000, 0x0000000086200000, 0x0000000086200000|100%| O|  |TAMS 0x0000000086200000| PB 0x0000000086100000| Untracked 
|  98|0x0000000086200000, 0x0000000086300000, 0x0000000086300000|100%| O|  |TAMS 0x0000000086300000| PB 0x0000000086200000| Untracked 
|  99|0x0000000086300000, 0x0000000086300000, 0x0000000086400000|  0%| F|  |TAMS 0x0000000086300000| PB 0x0000000086300000| Untracked 
| 100|0x0000000086400000, 0x0000000086500000, 0x0000000086500000|100%| O|  |TAMS 0x0000000086500000| PB 0x0000000086400000| Untracked 
| 101|0x0000000086500000, 0x0000000086600000, 0x0000000086600000|100%| O|  |TAMS 0x0000000086600000| PB 0x0000000086500000| Untracked 
| 102|0x0000000086600000, 0x0000000086700000, 0x0000000086700000|100%| O|  |TAMS 0x0000000086700000| PB 0x0000000086600000| Untracked 
| 103|0x0000000086700000, 0x0000000086800000, 0x0000000086800000|100%| O|  |TAMS 0x0000000086800000| PB 0x0000000086700000| Untracked 
| 104|0x0000000086800000, 0x0000000086900000, 0x0000000086900000|100%| O|  |TAMS 0x0000000086900000| PB 0x0000000086800000| Untracked 
| 105|0x0000000086900000, 0x0000000086a00000, 0x0000000086a00000|100%| O|  |TAMS 0x0000000086a00000| PB 0x0000000086900000| Untracked 
| 106|0x0000000086a00000, 0x0000000086b00000, 0x0000000086b00000|100%| O|  |TAMS 0x0000000086b00000| PB 0x0000000086a00000| Untracked 
| 107|0x0000000086b00000, 0x0000000086b00000, 0x0000000086c00000|  0%| F|  |TAMS 0x0000000086b00000| PB 0x0000000086b00000| Untracked 
| 108|0x0000000086c00000, 0x0000000086d00000, 0x0000000086d00000|100%| O|  |TAMS 0x0000000086d00000| PB 0x0000000086c00000| Untracked 
| 109|0x0000000086d00000, 0x0000000086e00000, 0x0000000086e00000|100%| O|  |TAMS 0x0000000086e00000| PB 0x0000000086d00000| Untracked 
| 110|0x0000000086e00000, 0x0000000086f00000, 0x0000000086f00000|100%| O|  |TAMS 0x0000000086f00000| PB 0x0000000086e00000| Untracked 
| 111|0x0000000086f00000, 0x0000000087000000, 0x0000000087000000|100%| O|  |TAMS 0x0000000087000000| PB 0x0000000086f00000| Untracked 
| 112|0x0000000087000000, 0x0000000087100000, 0x0000000087100000|100%| O|  |TAMS 0x0000000087100000| PB 0x0000000087000000| Untracked 
| 113|0x0000000087100000, 0x0000000087100000, 0x0000000087200000|  0%| F|  |TAMS 0x0000000087100000| PB 0x0000000087100000| Untracked 
| 114|0x0000000087200000, 0x0000000087300000, 0x0000000087300000|100%| O|  |TAMS 0x0000000087300000| PB 0x0000000087200000| Untracked 
| 115|0x0000000087300000, 0x0000000087300000, 0x0000000087400000|  0%| F|  |TAMS 0x0000000087300000| PB 0x0000000087300000| Untracked 
| 116|0x0000000087400000, 0x0000000087500000, 0x0000000087500000|100%| O|  |TAMS 0x0000000087500000| PB 0x0000000087400000| Untracked 
| 117|0x0000000087500000, 0x0000000087600000, 0x0000000087600000|100%| O|  |TAMS 0x0000000087600000| PB 0x0000000087500000| Untracked 
| 118|0x0000000087600000, 0x0000000087700000, 0x0000000087700000|100%| O|  |TAMS 0x0000000087700000| PB 0x0000000087600000| Untracked 
| 119|0x0000000087700000, 0x0000000087800000, 0x0000000087800000|100%| O|  |TAMS 0x0000000087800000| PB 0x0000000087700000| Untracked 
| 120|0x0000000087800000, 0x0000000087900000, 0x0000000087900000|100%| O|  |TAMS 0x0000000087900000| PB 0x0000000087800000| Untracked 
| 121|0x0000000087900000, 0x0000000087a00000, 0x0000000087a00000|100%| O|  |TAMS 0x0000000087a00000| PB 0x0000000087900000| Untracked 
| 122|0x0000000087a00000, 0x0000000087a9b5f0, 0x0000000087b00000| 60%| S|CS|TAMS 0x0000000087a00000| PB 0x0000000087a00000| Complete 
| 123|0x0000000087b00000, 0x0000000087c00000, 0x0000000087c00000|100%| O|  |TAMS 0x0000000087c00000| PB 0x0000000087b00000| Untracked 
| 124|0x0000000087c00000, 0x0000000087d00000, 0x0000000087d00000|100%| O|  |TAMS 0x0000000087d00000| PB 0x0000000087c00000| Untracked 
| 125|0x0000000087d00000, 0x0000000087e00000, 0x0000000087e00000|100%| O|  |TAMS 0x0000000087e00000| PB 0x0000000087d00000| Untracked 
| 126|0x0000000087e00000, 0x0000000087f00000, 0x0000000087f00000|100%| O|  |TAMS 0x0000000087f00000| PB 0x0000000087e00000| Untracked 
| 127|0x0000000087f00000, 0x0000000088000000, 0x0000000088000000|100%| O|  |TAMS 0x0000000088000000| PB 0x0000000087f00000| Untracked 
| 128|0x0000000088000000, 0x0000000088100000, 0x0000000088100000|100%| O|  |TAMS 0x0000000088100000| PB 0x0000000088000000| Untracked 
| 129|0x0000000088100000, 0x0000000088200000, 0x0000000088200000|100%| O|  |TAMS 0x0000000088200000| PB 0x0000000088100000| Untracked 
| 130|0x0000000088200000, 0x0000000088300000, 0x0000000088300000|100%| O|  |TAMS 0x0000000088300000| PB 0x0000000088200000| Untracked 
| 131|0x0000000088300000, 0x0000000088400000, 0x0000000088400000|100%| O|  |TAMS 0x0000000088400000| PB 0x0000000088300000| Untracked 
| 132|0x0000000088400000, 0x0000000088500000, 0x0000000088500000|100%| O|  |TAMS 0x0000000088500000| PB 0x0000000088400000| Untracked 
| 133|0x0000000088500000, 0x0000000088600000, 0x0000000088600000|100%|HS|  |TAMS 0x0000000088600000| PB 0x0000000088500000| Complete 
| 134|0x0000000088600000, 0x0000000088700000, 0x0000000088700000|100%|HC|  |TAMS 0x0000000088700000| PB 0x0000000088600000| Complete 
| 135|0x0000000088700000, 0x0000000088800000, 0x0000000088800000|100%| O|  |TAMS 0x0000000088800000| PB 0x0000000088700000| Untracked 
| 136|0x0000000088800000, 0x0000000088900000, 0x0000000088900000|100%| O|  |TAMS 0x0000000088900000| PB 0x0000000088800000| Untracked 
| 137|0x0000000088900000, 0x0000000088a00000, 0x0000000088a00000|100%| O|  |TAMS 0x0000000088a00000| PB 0x0000000088900000| Untracked 
| 138|0x0000000088a00000, 0x0000000088b00000, 0x0000000088b00000|100%| O|  |TAMS 0x0000000088b00000| PB 0x0000000088a00000| Untracked 
| 139|0x0000000088b00000, 0x0000000088c00000, 0x0000000088c00000|100%| O|  |TAMS 0x0000000088c00000| PB 0x0000000088b00000| Untracked 
| 140|0x0000000088c00000, 0x0000000088d00000, 0x0000000088d00000|100%| O|  |TAMS 0x0000000088d00000| PB 0x0000000088c00000| Untracked 
| 141|0x0000000088d00000, 0x0000000088e00000, 0x0000000088e00000|100%| O|  |TAMS 0x0000000088e00000| PB 0x0000000088d00000| Untracked 
| 142|0x0000000088e00000, 0x0000000088f00000, 0x0000000088f00000|100%| O|  |TAMS 0x0000000088f00000| PB 0x0000000088e00000| Untracked 
| 143|0x0000000088f00000, 0x0000000089000000, 0x0000000089000000|100%| O|  |TAMS 0x0000000089000000| PB 0x0000000088f00000| Untracked 
| 144|0x0000000089000000, 0x0000000089100000, 0x0000000089100000|100%| O|  |TAMS 0x0000000089100000| PB 0x0000000089000000| Untracked 
| 145|0x0000000089100000, 0x0000000089200000, 0x0000000089200000|100%|HS|  |TAMS 0x0000000089200000| PB 0x0000000089100000| Complete 
| 146|0x0000000089200000, 0x0000000089300000, 0x0000000089300000|100%|HS|  |TAMS 0x0000000089300000| PB 0x0000000089200000| Complete 
| 147|0x0000000089300000, 0x0000000089400000, 0x0000000089400000|100%| O|  |TAMS 0x0000000089400000| PB 0x0000000089300000| Untracked 
| 148|0x0000000089400000, 0x0000000089500000, 0x0000000089500000|100%|HS|  |TAMS 0x0000000089500000| PB 0x0000000089400000| Complete 
| 149|0x0000000089500000, 0x0000000089600000, 0x0000000089600000|100%|HC|  |TAMS 0x0000000089600000| PB 0x0000000089500000| Complete 
| 150|0x0000000089600000, 0x0000000089700000, 0x0000000089700000|100%| O|  |TAMS 0x0000000089700000| PB 0x0000000089600000| Untracked 
| 151|0x0000000089700000, 0x0000000089800000, 0x0000000089800000|100%| O|  |TAMS 0x0000000089800000| PB 0x0000000089700000| Untracked 
| 152|0x0000000089800000, 0x0000000089900000, 0x0000000089900000|100%|HS|  |TAMS 0x0000000089900000| PB 0x0000000089800000| Complete 
| 153|0x0000000089900000, 0x0000000089a00000, 0x0000000089a00000|100%|HC|  |TAMS 0x0000000089a00000| PB 0x0000000089900000| Complete 
| 154|0x0000000089a00000, 0x0000000089b00000, 0x0000000089b00000|100%|HC|  |TAMS 0x0000000089b00000| PB 0x0000000089a00000| Complete 
| 155|0x0000000089b00000, 0x0000000089c00000, 0x0000000089c00000|100%|HC|  |TAMS 0x0000000089c00000| PB 0x0000000089b00000| Complete 
| 156|0x0000000089c00000, 0x0000000089d00000, 0x0000000089d00000|100%|HC|  |TAMS 0x0000000089d00000| PB 0x0000000089c00000| Complete 
| 157|0x0000000089d00000, 0x0000000089e00000, 0x0000000089e00000|100%|HC|  |TAMS 0x0000000089e00000| PB 0x0000000089d00000| Complete 
| 158|0x0000000089e00000, 0x0000000089f00000, 0x0000000089f00000|100%| O|  |TAMS 0x0000000089f00000| PB 0x0000000089e00000| Untracked 
| 159|0x0000000089f00000, 0x000000008a000000, 0x000000008a000000|100%| O|  |TAMS 0x000000008a000000| PB 0x0000000089f00000| Untracked 
| 160|0x000000008a000000, 0x000000008a100000, 0x000000008a100000|100%| O|  |TAMS 0x000000008a100000| PB 0x000000008a000000| Untracked 
| 161|0x000000008a100000, 0x000000008a200000, 0x000000008a200000|100%| S|CS|TAMS 0x000000008a100000| PB 0x000000008a100000| Complete 
| 162|0x000000008a200000, 0x000000008a300000, 0x000000008a300000|100%| O|  |TAMS 0x000000008a300000| PB 0x000000008a200000| Untracked 
| 163|0x000000008a300000, 0x000000008a400000, 0x000000008a400000|100%|HS|  |TAMS 0x000000008a400000| PB 0x000000008a300000| Complete 
| 164|0x000000008a400000, 0x000000008a500000, 0x000000008a500000|100%|HC|  |TAMS 0x000000008a500000| PB 0x000000008a400000| Complete 
| 165|0x000000008a500000, 0x000000008a600000, 0x000000008a600000|100%| O|  |TAMS 0x000000008a600000| PB 0x000000008a500000| Untracked 
| 166|0x000000008a600000, 0x000000008a700000, 0x000000008a700000|100%| O|  |TAMS 0x000000008a700000| PB 0x000000008a600000| Untracked 
| 167|0x000000008a700000, 0x000000008a800000, 0x000000008a800000|100%| S|CS|TAMS 0x000000008a700000| PB 0x000000008a700000| Complete 
| 168|0x000000008a800000, 0x000000008a900000, 0x000000008a900000|100%| S|CS|TAMS 0x000000008a800000| PB 0x000000008a800000| Complete 
| 169|0x000000008a900000, 0x000000008aa00000, 0x000000008aa00000|100%| S|CS|TAMS 0x000000008a900000| PB 0x000000008a900000| Complete 
| 170|0x000000008aa00000, 0x000000008ab00000, 0x000000008ab00000|100%| S|CS|TAMS 0x000000008aa00000| PB 0x000000008aa00000| Complete 
| 171|0x000000008ab00000, 0x000000008ac00000, 0x000000008ac00000|100%| S|CS|TAMS 0x000000008ab00000| PB 0x000000008ab00000| Complete 
| 172|0x000000008ac00000, 0x000000008ad00000, 0x000000008ad00000|100%| S|CS|TAMS 0x000000008ac00000| PB 0x000000008ac00000| Complete 
| 173|0x000000008ad00000, 0x000000008ae00000, 0x000000008ae00000|100%| S|CS|TAMS 0x000000008ad00000| PB 0x000000008ad00000| Complete 
| 174|0x000000008ae00000, 0x000000008ae00000, 0x000000008af00000|  0%| F|  |TAMS 0x000000008ae00000| PB 0x000000008ae00000| Untracked 
| 175|0x000000008af00000, 0x000000008af00000, 0x000000008b000000|  0%| F|  |TAMS 0x000000008af00000| PB 0x000000008af00000| Untracked 
| 176|0x000000008b000000, 0x000000008b000000, 0x000000008b100000|  0%| F|  |TAMS 0x000000008b000000| PB 0x000000008b000000| Untracked 
| 177|0x000000008b100000, 0x000000008b200000, 0x000000008b200000|100%|HS|  |TAMS 0x000000008b200000| PB 0x000000008b100000| Complete 
| 178|0x000000008b200000, 0x000000008b300000, 0x000000008b300000|100%|HC|  |TAMS 0x000000008b300000| PB 0x000000008b200000| Complete 
| 179|0x000000008b300000, 0x000000008b400000, 0x000000008b400000|100%|HC|  |TAMS 0x000000008b400000| PB 0x000000008b300000| Complete 
| 180|0x000000008b400000, 0x000000008b500000, 0x000000008b500000|100%|HC|  |TAMS 0x000000008b500000| PB 0x000000008b400000| Complete 
| 181|0x000000008b500000, 0x000000008b600000, 0x000000008b600000|100%|HC|  |TAMS 0x000000008b600000| PB 0x000000008b500000| Complete 
| 182|0x000000008b600000, 0x000000008b700000, 0x000000008b700000|100%|HC|  |TAMS 0x000000008b700000| PB 0x000000008b600000| Complete 
| 183|0x000000008b700000, 0x000000008b700000, 0x000000008b800000|  0%| F|  |TAMS 0x000000008b700000| PB 0x000000008b700000| Untracked 
| 184|0x000000008b800000, 0x000000008b800000, 0x000000008b900000|  0%| F|  |TAMS 0x000000008b800000| PB 0x000000008b800000| Untracked 
| 185|0x000000008b900000, 0x000000008ba00000, 0x000000008ba00000|100%| O|  |TAMS 0x000000008ba00000| PB 0x000000008b900000| Untracked 
| 186|0x000000008ba00000, 0x000000008ba00000, 0x000000008bb00000|  0%| F|  |TAMS 0x000000008ba00000| PB 0x000000008ba00000| Untracked 
| 187|0x000000008bb00000, 0x000000008bb00000, 0x000000008bc00000|  0%| F|  |TAMS 0x000000008bb00000| PB 0x000000008bb00000| Untracked 
| 188|0x000000008bc00000, 0x000000008bc00000, 0x000000008bd00000|  0%| F|  |TAMS 0x000000008bc00000| PB 0x000000008bc00000| Untracked 
| 189|0x000000008bd00000, 0x000000008be00000, 0x000000008be00000|100%| O|  |TAMS 0x000000008be00000| PB 0x000000008bd00000| Untracked 
| 190|0x000000008be00000, 0x000000008bf00000, 0x000000008bf00000|100%|HS|  |TAMS 0x000000008be00000| PB 0x000000008be00000| Complete 
| 191|0x000000008bf00000, 0x000000008c000000, 0x000000008c000000|100%|HC|  |TAMS 0x000000008bf00000| PB 0x000000008bf00000| Complete 
| 192|0x000000008c000000, 0x000000008c100000, 0x000000008c100000|100%|HC|  |TAMS 0x000000008c000000| PB 0x000000008c000000| Complete 
| 193|0x000000008c100000, 0x000000008c200000, 0x000000008c200000|100%|HC|  |TAMS 0x000000008c100000| PB 0x000000008c100000| Complete 
| 194|0x000000008c200000, 0x000000008c300000, 0x000000008c300000|100%|HC|  |TAMS 0x000000008c200000| PB 0x000000008c200000| Complete 
| 195|0x000000008c300000, 0x000000008c400000, 0x000000008c400000|100%|HC|  |TAMS 0x000000008c300000| PB 0x000000008c300000| Complete 
| 196|0x000000008c400000, 0x000000008c400000, 0x000000008c500000|  0%| F|  |TAMS 0x000000008c400000| PB 0x000000008c400000| Untracked 
| 197|0x000000008c500000, 0x000000008c500000, 0x000000008c600000|  0%| F|  |TAMS 0x000000008c500000| PB 0x000000008c500000| Untracked 
| 198|0x000000008c600000, 0x000000008c600000, 0x000000008c700000|  0%| F|  |TAMS 0x000000008c600000| PB 0x000000008c600000| Untracked 
| 199|0x000000008c700000, 0x000000008c700000, 0x000000008c800000|  0%| F|  |TAMS 0x000000008c700000| PB 0x000000008c700000| Untracked 
| 200|0x000000008c800000, 0x000000008c800000, 0x000000008c900000|  0%| F|  |TAMS 0x000000008c800000| PB 0x000000008c800000| Untracked 
| 201|0x000000008c900000, 0x000000008c900000, 0x000000008ca00000|  0%| F|  |TAMS 0x000000008c900000| PB 0x000000008c900000| Untracked 
| 202|0x000000008ca00000, 0x000000008cb00000, 0x000000008cb00000|100%| O|  |TAMS 0x000000008cb00000| PB 0x000000008ca00000| Untracked 
| 203|0x000000008cb00000, 0x000000008cc00000, 0x000000008cc00000|100%| O|  |TAMS 0x000000008cc00000| PB 0x000000008cb00000| Untracked 
| 204|0x000000008cc00000, 0x000000008cd00000, 0x000000008cd00000|100%| O|  |TAMS 0x000000008cd00000| PB 0x000000008cc00000| Untracked 
| 205|0x000000008cd00000, 0x000000008ce00000, 0x000000008ce00000|100%| O|  |TAMS 0x000000008ce00000| PB 0x000000008cd00000| Untracked 
| 206|0x000000008ce00000, 0x000000008cf00000, 0x000000008cf00000|100%| O|  |TAMS 0x000000008cf00000| PB 0x000000008ce00000| Untracked 
| 207|0x000000008cf00000, 0x000000008d000000, 0x000000008d000000|100%| O|  |TAMS 0x000000008d000000| PB 0x000000008cf00000| Untracked 
| 208|0x000000008d000000, 0x000000008d000000, 0x000000008d100000|  0%| F|  |TAMS 0x000000008d000000| PB 0x000000008d000000| Untracked 
| 209|0x000000008d100000, 0x000000008d100000, 0x000000008d200000|  0%| F|  |TAMS 0x000000008d100000| PB 0x000000008d100000| Untracked 
| 210|0x000000008d200000, 0x000000008d200000, 0x000000008d300000|  0%| F|  |TAMS 0x000000008d200000| PB 0x000000008d200000| Untracked 
| 211|0x000000008d300000, 0x000000008d300000, 0x000000008d400000|  0%| F|  |TAMS 0x000000008d300000| PB 0x000000008d300000| Untracked 
| 212|0x000000008d400000, 0x000000008d400000, 0x000000008d500000|  0%| F|  |TAMS 0x000000008d400000| PB 0x000000008d400000| Untracked 
| 213|0x000000008d500000, 0x000000008d500000, 0x000000008d600000|  0%| F|  |TAMS 0x000000008d500000| PB 0x000000008d500000| Untracked 
| 214|0x000000008d600000, 0x000000008d600000, 0x000000008d700000|  0%| F|  |TAMS 0x000000008d600000| PB 0x000000008d600000| Untracked 
| 215|0x000000008d700000, 0x000000008d700000, 0x000000008d800000|  0%| F|  |TAMS 0x000000008d700000| PB 0x000000008d700000| Untracked 
| 216|0x000000008d800000, 0x000000008d800000, 0x000000008d900000|  0%| F|  |TAMS 0x000000008d800000| PB 0x000000008d800000| Untracked 
| 217|0x000000008d900000, 0x000000008d900000, 0x000000008da00000|  0%| F|  |TAMS 0x000000008d900000| PB 0x000000008d900000| Untracked 
| 218|0x000000008da00000, 0x000000008da00000, 0x000000008db00000|  0%| F|  |TAMS 0x000000008da00000| PB 0x000000008da00000| Untracked 
| 219|0x000000008db00000, 0x000000008db00000, 0x000000008dc00000|  0%| F|  |TAMS 0x000000008db00000| PB 0x000000008db00000| Untracked 
| 220|0x000000008dc00000, 0x000000008dc00000, 0x000000008dd00000|  0%| F|  |TAMS 0x000000008dc00000| PB 0x000000008dc00000| Untracked 
| 221|0x000000008dd00000, 0x000000008dd00000, 0x000000008de00000|  0%| F|  |TAMS 0x000000008dd00000| PB 0x000000008dd00000| Untracked 
| 222|0x000000008de00000, 0x000000008de00000, 0x000000008df00000|  0%| F|  |TAMS 0x000000008de00000| PB 0x000000008de00000| Untracked 
| 223|0x000000008df00000, 0x000000008df00000, 0x000000008e000000|  0%| F|  |TAMS 0x000000008df00000| PB 0x000000008df00000| Untracked 
| 224|0x000000008e000000, 0x000000008e000000, 0x000000008e100000|  0%| F|  |TAMS 0x000000008e000000| PB 0x000000008e000000| Untracked 
| 225|0x000000008e100000, 0x000000008e100000, 0x000000008e200000|  0%| F|  |TAMS 0x000000008e100000| PB 0x000000008e100000| Untracked 
| 226|0x000000008e200000, 0x000000008e200000, 0x000000008e300000|  0%| F|  |TAMS 0x000000008e200000| PB 0x000000008e200000| Untracked 
| 227|0x000000008e300000, 0x000000008e300000, 0x000000008e400000|  0%| F|  |TAMS 0x000000008e300000| PB 0x000000008e300000| Untracked 
| 228|0x000000008e400000, 0x000000008e400000, 0x000000008e500000|  0%| F|  |TAMS 0x000000008e400000| PB 0x000000008e400000| Untracked 
| 229|0x000000008e500000, 0x000000008e500000, 0x000000008e600000|  0%| F|  |TAMS 0x000000008e500000| PB 0x000000008e500000| Untracked 
| 230|0x000000008e600000, 0x000000008e600000, 0x000000008e700000|  0%| F|  |TAMS 0x000000008e600000| PB 0x000000008e600000| Untracked 
| 231|0x000000008e700000, 0x000000008e700000, 0x000000008e800000|  0%| F|  |TAMS 0x000000008e700000| PB 0x000000008e700000| Untracked 
| 232|0x000000008e800000, 0x000000008e800000, 0x000000008e900000|  0%| F|  |TAMS 0x000000008e800000| PB 0x000000008e800000| Untracked 
| 233|0x000000008e900000, 0x000000008e900000, 0x000000008ea00000|  0%| F|  |TAMS 0x000000008e900000| PB 0x000000008e900000| Untracked 
| 234|0x000000008ea00000, 0x000000008ea00000, 0x000000008eb00000|  0%| F|  |TAMS 0x000000008ea00000| PB 0x000000008ea00000| Untracked 
| 235|0x000000008eb00000, 0x000000008eb00000, 0x000000008ec00000|  0%| F|  |TAMS 0x000000008eb00000| PB 0x000000008eb00000| Untracked 
| 236|0x000000008ec00000, 0x000000008ec00000, 0x000000008ed00000|  0%| F|  |TAMS 0x000000008ec00000| PB 0x000000008ec00000| Untracked 
| 237|0x000000008ed00000, 0x000000008ed00000, 0x000000008ee00000|  0%| F|  |TAMS 0x000000008ed00000| PB 0x000000008ed00000| Untracked 
| 238|0x000000008ee00000, 0x000000008ee00000, 0x000000008ef00000|  0%| F|  |TAMS 0x000000008ee00000| PB 0x000000008ee00000| Untracked 
| 239|0x000000008ef00000, 0x000000008ef00000, 0x000000008f000000|  0%| F|  |TAMS 0x000000008ef00000| PB 0x000000008ef00000| Untracked 
| 240|0x000000008f000000, 0x000000008f000000, 0x000000008f100000|  0%| F|  |TAMS 0x000000008f000000| PB 0x000000008f000000| Untracked 
| 241|0x000000008f100000, 0x000000008f100000, 0x000000008f200000|  0%| F|  |TAMS 0x000000008f100000| PB 0x000000008f100000| Untracked 
| 242|0x000000008f200000, 0x000000008f200000, 0x000000008f300000|  0%| F|  |TAMS 0x000000008f200000| PB 0x000000008f200000| Untracked 
| 243|0x000000008f300000, 0x000000008f300000, 0x000000008f400000|  0%| F|  |TAMS 0x000000008f300000| PB 0x000000008f300000| Untracked 
| 244|0x000000008f400000, 0x000000008f400000, 0x000000008f500000|  0%| F|  |TAMS 0x000000008f400000| PB 0x000000008f400000| Untracked 
| 245|0x000000008f500000, 0x000000008f500000, 0x000000008f600000|  0%| F|  |TAMS 0x000000008f500000| PB 0x000000008f500000| Untracked 
| 246|0x000000008f600000, 0x000000008f600000, 0x000000008f700000|  0%| F|  |TAMS 0x000000008f600000| PB 0x000000008f600000| Untracked 
| 247|0x000000008f700000, 0x000000008f700000, 0x000000008f800000|  0%| F|  |TAMS 0x000000008f700000| PB 0x000000008f700000| Untracked 
| 248|0x000000008f800000, 0x000000008f800000, 0x000000008f900000|  0%| F|  |TAMS 0x000000008f800000| PB 0x000000008f800000| Untracked 
| 249|0x000000008f900000, 0x000000008f900000, 0x000000008fa00000|  0%| F|  |TAMS 0x000000008f900000| PB 0x000000008f900000| Untracked 
| 250|0x000000008fa00000, 0x000000008fa00000, 0x000000008fb00000|  0%| F|  |TAMS 0x000000008fa00000| PB 0x000000008fa00000| Untracked 
| 251|0x000000008fb00000, 0x000000008fb00000, 0x000000008fc00000|  0%| F|  |TAMS 0x000000008fb00000| PB 0x000000008fb00000| Untracked 
| 252|0x000000008fc00000, 0x000000008fc00000, 0x000000008fd00000|  0%| F|  |TAMS 0x000000008fc00000| PB 0x000000008fc00000| Untracked 
| 253|0x000000008fd00000, 0x000000008fd00000, 0x000000008fe00000|  0%| F|  |TAMS 0x000000008fd00000| PB 0x000000008fd00000| Untracked 
| 254|0x000000008fe00000, 0x000000008fe00000, 0x000000008ff00000|  0%| F|  |TAMS 0x000000008fe00000| PB 0x000000008fe00000| Untracked 
| 255|0x000000008ff00000, 0x000000008ff00000, 0x0000000090000000|  0%| F|  |TAMS 0x000000008ff00000| PB 0x000000008ff00000| Untracked 
| 256|0x0000000090000000, 0x0000000090000000, 0x0000000090100000|  0%| F|  |TAMS 0x0000000090000000| PB 0x0000000090000000| Untracked 
| 257|0x0000000090100000, 0x0000000090100000, 0x0000000090200000|  0%| F|  |TAMS 0x0000000090100000| PB 0x0000000090100000| Untracked 
| 258|0x0000000090200000, 0x0000000090200000, 0x0000000090300000|  0%| F|  |TAMS 0x0000000090200000| PB 0x0000000090200000| Untracked 
| 259|0x0000000090300000, 0x0000000090300000, 0x0000000090400000|  0%| F|  |TAMS 0x0000000090300000| PB 0x0000000090300000| Untracked 
| 260|0x0000000090400000, 0x0000000090400000, 0x0000000090500000|  0%| F|  |TAMS 0x0000000090400000| PB 0x0000000090400000| Untracked 
| 261|0x0000000090500000, 0x0000000090500000, 0x0000000090600000|  0%| F|  |TAMS 0x0000000090500000| PB 0x0000000090500000| Untracked 
| 262|0x0000000090600000, 0x0000000090600000, 0x0000000090700000|  0%| F|  |TAMS 0x0000000090600000| PB 0x0000000090600000| Untracked 
| 263|0x0000000090700000, 0x0000000090700000, 0x0000000090800000|  0%| F|  |TAMS 0x0000000090700000| PB 0x0000000090700000| Untracked 
| 264|0x0000000090800000, 0x0000000090800000, 0x0000000090900000|  0%| F|  |TAMS 0x0000000090800000| PB 0x0000000090800000| Untracked 
| 265|0x0000000090900000, 0x0000000090900000, 0x0000000090a00000|  0%| F|  |TAMS 0x0000000090900000| PB 0x0000000090900000| Untracked 
| 266|0x0000000090a00000, 0x0000000090a00000, 0x0000000090b00000|  0%| F|  |TAMS 0x0000000090a00000| PB 0x0000000090a00000| Untracked 
| 267|0x0000000090b00000, 0x0000000090b00000, 0x0000000090c00000|  0%| F|  |TAMS 0x0000000090b00000| PB 0x0000000090b00000| Untracked 
| 268|0x0000000090c00000, 0x0000000090c00000, 0x0000000090d00000|  0%| F|  |TAMS 0x0000000090c00000| PB 0x0000000090c00000| Untracked 
| 269|0x0000000090d00000, 0x0000000090d00000, 0x0000000090e00000|  0%| F|  |TAMS 0x0000000090d00000| PB 0x0000000090d00000| Untracked 
| 270|0x0000000090e00000, 0x0000000090e00000, 0x0000000090f00000|  0%| F|  |TAMS 0x0000000090e00000| PB 0x0000000090e00000| Untracked 
| 271|0x0000000090f00000, 0x0000000090f00000, 0x0000000091000000|  0%| F|  |TAMS 0x0000000090f00000| PB 0x0000000090f00000| Untracked 
| 272|0x0000000091000000, 0x0000000091000000, 0x0000000091100000|  0%| F|  |TAMS 0x0000000091000000| PB 0x0000000091000000| Untracked 
| 273|0x0000000091100000, 0x0000000091100000, 0x0000000091200000|  0%| F|  |TAMS 0x0000000091100000| PB 0x0000000091100000| Untracked 
| 274|0x0000000091200000, 0x0000000091200000, 0x0000000091300000|  0%| F|  |TAMS 0x0000000091200000| PB 0x0000000091200000| Untracked 
| 275|0x0000000091300000, 0x0000000091300000, 0x0000000091400000|  0%| F|  |TAMS 0x0000000091300000| PB 0x0000000091300000| Untracked 
| 276|0x0000000091400000, 0x0000000091400000, 0x0000000091500000|  0%| F|  |TAMS 0x0000000091400000| PB 0x0000000091400000| Untracked 
| 277|0x0000000091500000, 0x0000000091500000, 0x0000000091600000|  0%| F|  |TAMS 0x0000000091500000| PB 0x0000000091500000| Untracked 
| 278|0x0000000091600000, 0x0000000091600000, 0x0000000091700000|  0%| F|  |TAMS 0x0000000091600000| PB 0x0000000091600000| Untracked 
| 279|0x0000000091700000, 0x0000000091700000, 0x0000000091800000|  0%| F|  |TAMS 0x0000000091700000| PB 0x0000000091700000| Untracked 
| 280|0x0000000091800000, 0x0000000091800000, 0x0000000091900000|  0%| F|  |TAMS 0x0000000091800000| PB 0x0000000091800000| Untracked 
| 281|0x0000000091900000, 0x0000000091900000, 0x0000000091a00000|  0%| F|  |TAMS 0x0000000091900000| PB 0x0000000091900000| Untracked 
| 282|0x0000000091a00000, 0x0000000091a00000, 0x0000000091b00000|  0%| F|  |TAMS 0x0000000091a00000| PB 0x0000000091a00000| Untracked 
| 283|0x0000000091b00000, 0x0000000091b00000, 0x0000000091c00000|  0%| F|  |TAMS 0x0000000091b00000| PB 0x0000000091b00000| Untracked 
| 284|0x0000000091c00000, 0x0000000091c00000, 0x0000000091d00000|  0%| F|  |TAMS 0x0000000091c00000| PB 0x0000000091c00000| Untracked 
| 285|0x0000000091d00000, 0x0000000091d00000, 0x0000000091e00000|  0%| F|  |TAMS 0x0000000091d00000| PB 0x0000000091d00000| Untracked 
| 286|0x0000000091e00000, 0x0000000091e00000, 0x0000000091f00000|  0%| F|  |TAMS 0x0000000091e00000| PB 0x0000000091e00000| Untracked 
| 287|0x0000000091f00000, 0x0000000091f00000, 0x0000000092000000|  0%| F|  |TAMS 0x0000000091f00000| PB 0x0000000091f00000| Untracked 
| 288|0x0000000092000000, 0x0000000092000000, 0x0000000092100000|  0%| F|  |TAMS 0x0000000092000000| PB 0x0000000092000000| Untracked 
| 289|0x0000000092100000, 0x0000000092100000, 0x0000000092200000|  0%| F|  |TAMS 0x0000000092100000| PB 0x0000000092100000| Untracked 
| 290|0x0000000092200000, 0x0000000092200000, 0x0000000092300000|  0%| F|  |TAMS 0x0000000092200000| PB 0x0000000092200000| Untracked 
| 291|0x0000000092300000, 0x0000000092300000, 0x0000000092400000|  0%| F|  |TAMS 0x0000000092300000| PB 0x0000000092300000| Untracked 
| 292|0x0000000092400000, 0x0000000092400000, 0x0000000092500000|  0%| F|  |TAMS 0x0000000092400000| PB 0x0000000092400000| Untracked 
| 293|0x0000000092500000, 0x0000000092500000, 0x0000000092600000|  0%| F|  |TAMS 0x0000000092500000| PB 0x0000000092500000| Untracked 
| 294|0x0000000092600000, 0x0000000092600000, 0x0000000092700000|  0%| F|  |TAMS 0x0000000092600000| PB 0x0000000092600000| Untracked 
| 295|0x0000000092700000, 0x0000000092700000, 0x0000000092800000|  0%| F|  |TAMS 0x0000000092700000| PB 0x0000000092700000| Untracked 
| 296|0x0000000092800000, 0x0000000092800000, 0x0000000092900000|  0%| F|  |TAMS 0x0000000092800000| PB 0x0000000092800000| Untracked 
| 297|0x0000000092900000, 0x0000000092900000, 0x0000000092a00000|  0%| F|  |TAMS 0x0000000092900000| PB 0x0000000092900000| Untracked 
| 356|0x0000000096400000, 0x0000000096400000, 0x0000000096500000|  0%| F|  |TAMS 0x0000000096400000| PB 0x0000000096400000| Untracked 
| 357|0x0000000096500000, 0x0000000096500000, 0x0000000096600000|  0%| F|  |TAMS 0x0000000096500000| PB 0x0000000096500000| Untracked 
| 358|0x0000000096600000, 0x0000000096600000, 0x0000000096700000|  0%| F|  |TAMS 0x0000000096600000| PB 0x0000000096600000| Untracked 
| 359|0x0000000096700000, 0x0000000096700000, 0x0000000096800000|  0%| F|  |TAMS 0x0000000096700000| PB 0x0000000096700000| Untracked 
| 360|0x0000000096800000, 0x0000000096800000, 0x0000000096900000|  0%| F|  |TAMS 0x0000000096800000| PB 0x0000000096800000| Untracked 
| 361|0x0000000096900000, 0x0000000096900000, 0x0000000096a00000|  0%| F|  |TAMS 0x0000000096900000| PB 0x0000000096900000| Untracked 
| 362|0x0000000096a00000, 0x0000000096a00000, 0x0000000096b00000|  0%| F|  |TAMS 0x0000000096a00000| PB 0x0000000096a00000| Untracked 
| 363|0x0000000096b00000, 0x0000000096b00000, 0x0000000096c00000|  0%| F|  |TAMS 0x0000000096b00000| PB 0x0000000096b00000| Untracked 
| 364|0x0000000096c00000, 0x0000000096c00000, 0x0000000096d00000|  0%| F|  |TAMS 0x0000000096c00000| PB 0x0000000096c00000| Untracked 
| 507|0x000000009fb00000, 0x000000009fb00000, 0x000000009fc00000|  0%| F|  |TAMS 0x000000009fb00000| PB 0x000000009fb00000| Untracked 
|1973|0x00000000fb500000, 0x00000000fb5215f8, 0x00000000fb600000| 13%| O|  |TAMS 0x00000000fb5215f8| PB 0x00000000fb500000| Untracked 
|1974|0x00000000fb600000, 0x00000000fb700000, 0x00000000fb700000|100%| O|  |TAMS 0x00000000fb700000| PB 0x00000000fb600000| Untracked 
|1975|0x00000000fb700000, 0x00000000fb800000, 0x00000000fb800000|100%| O|  |TAMS 0x00000000fb800000| PB 0x00000000fb700000| Untracked 
|1976|0x00000000fb800000, 0x00000000fb900000, 0x00000000fb900000|100%| O|  |TAMS 0x00000000fb900000| PB 0x00000000fb800000| Untracked 
|1977|0x00000000fb900000, 0x00000000fba00000, 0x00000000fba00000|100%| O|  |TAMS 0x00000000fba00000| PB 0x00000000fb900000| Untracked 
|1978|0x00000000fba00000, 0x00000000fbb00000, 0x00000000fbb00000|100%| O|  |TAMS 0x00000000fbb00000| PB 0x00000000fba00000| Untracked 
|1979|0x00000000fbb00000, 0x00000000fbc00000, 0x00000000fbc00000|100%| O|  |TAMS 0x00000000fbc00000| PB 0x00000000fbb00000| Untracked 
|1980|0x00000000fbc00000, 0x00000000fbd00000, 0x00000000fbd00000|100%| O|  |TAMS 0x00000000fbd00000| PB 0x00000000fbc00000| Untracked 
|1981|0x00000000fbd00000, 0x00000000fbe00000, 0x00000000fbe00000|100%| O|  |TAMS 0x00000000fbe00000| PB 0x00000000fbd00000| Untracked 
|1982|0x00000000fbe00000, 0x00000000fbf00000, 0x00000000fbf00000|100%| O|  |TAMS 0x00000000fbf00000| PB 0x00000000fbe00000| Untracked 
|1983|0x00000000fbf00000, 0x00000000fbf00000, 0x00000000fc000000|  0%| F|  |TAMS 0x00000000fbf00000| PB 0x00000000fbf00000| Untracked 
|1984|0x00000000fc000000, 0x00000000fc000000, 0x00000000fc100000|  0%| F|  |TAMS 0x00000000fc000000| PB 0x00000000fc000000| Untracked 
|1985|0x00000000fc100000, 0x00000000fc100000, 0x00000000fc200000|  0%| F|  |TAMS 0x00000000fc100000| PB 0x00000000fc100000| Untracked 
|1986|0x00000000fc200000, 0x00000000fc300000, 0x00000000fc300000|100%| O|  |TAMS 0x00000000fc300000| PB 0x00000000fc200000| Untracked 
|1987|0x00000000fc300000, 0x00000000fc300000, 0x00000000fc400000|  0%| F|  |TAMS 0x00000000fc300000| PB 0x00000000fc300000| Untracked 
|1988|0x00000000fc400000, 0x00000000fc400000, 0x00000000fc500000|  0%| F|  |TAMS 0x00000000fc400000| PB 0x00000000fc400000| Untracked 
|1989|0x00000000fc500000, 0x00000000fc500000, 0x00000000fc600000|  0%| F|  |TAMS 0x00000000fc500000| PB 0x00000000fc500000| Untracked 
|1990|0x00000000fc600000, 0x00000000fc600000, 0x00000000fc700000|  0%| F|  |TAMS 0x00000000fc600000| PB 0x00000000fc600000| Untracked 
|1991|0x00000000fc700000, 0x00000000fc700000, 0x00000000fc800000|  0%| F|  |TAMS 0x00000000fc700000| PB 0x00000000fc700000| Untracked 
|1992|0x00000000fc800000, 0x00000000fc800000, 0x00000000fc900000|  0%| F|  |TAMS 0x00000000fc800000| PB 0x00000000fc800000| Untracked 
|1993|0x00000000fc900000, 0x00000000fc900000, 0x00000000fca00000|  0%| F|  |TAMS 0x00000000fc900000| PB 0x00000000fc900000| Untracked 
|1994|0x00000000fca00000, 0x00000000fca00000, 0x00000000fcb00000|  0%| F|  |TAMS 0x00000000fca00000| PB 0x00000000fca00000| Untracked 
|1995|0x00000000fcb00000, 0x00000000fcb00000, 0x00000000fcc00000|  0%| F|  |TAMS 0x00000000fcb00000| PB 0x00000000fcb00000| Untracked 
|1996|0x00000000fcc00000, 0x00000000fcd00000, 0x00000000fcd00000|100%| O|  |TAMS 0x00000000fcd00000| PB 0x00000000fcc00000| Untracked 
|1997|0x00000000fcd00000, 0x00000000fce00000, 0x00000000fce00000|100%| O|  |TAMS 0x00000000fce00000| PB 0x00000000fcd00000| Untracked 
|1998|0x00000000fce00000, 0x00000000fcf00000, 0x00000000fcf00000|100%| O|  |TAMS 0x00000000fcf00000| PB 0x00000000fce00000| Untracked 
|1999|0x00000000fcf00000, 0x00000000fd000000, 0x00000000fd000000|100%| O|  |TAMS 0x00000000fd000000| PB 0x00000000fcf00000| Untracked 
|2000|0x00000000fd000000, 0x00000000fd100000, 0x00000000fd100000|100%| O|  |TAMS 0x00000000fd100000| PB 0x00000000fd000000| Untracked 
|2001|0x00000000fd100000, 0x00000000fd200000, 0x00000000fd200000|100%| O|  |TAMS 0x00000000fd200000| PB 0x00000000fd100000| Untracked 
|2002|0x00000000fd200000, 0x00000000fd300000, 0x00000000fd300000|100%| O|  |TAMS 0x00000000fd300000| PB 0x00000000fd200000| Untracked 
|2003|0x00000000fd300000, 0x00000000fd400000, 0x00000000fd400000|100%| O|  |TAMS 0x00000000fd400000| PB 0x00000000fd300000| Untracked 
|2004|0x00000000fd400000, 0x00000000fd500000, 0x00000000fd500000|100%| O|  |TAMS 0x00000000fd500000| PB 0x00000000fd400000| Untracked 
|2005|0x00000000fd500000, 0x00000000fd600000, 0x00000000fd600000|100%| O|  |TAMS 0x00000000fd600000| PB 0x00000000fd500000| Untracked 
|2006|0x00000000fd600000, 0x00000000fd700000, 0x00000000fd700000|100%| O|  |TAMS 0x00000000fd700000| PB 0x00000000fd600000| Untracked 
|2007|0x00000000fd700000, 0x00000000fd800000, 0x00000000fd800000|100%| O|  |TAMS 0x00000000fd800000| PB 0x00000000fd700000| Untracked 
|2008|0x00000000fd800000, 0x00000000fd900000, 0x00000000fd900000|100%| O|  |TAMS 0x00000000fd900000| PB 0x00000000fd800000| Untracked 
|2009|0x00000000fd900000, 0x00000000fda00000, 0x00000000fda00000|100%| O|  |TAMS 0x00000000fda00000| PB 0x00000000fd900000| Untracked 
|2010|0x00000000fda00000, 0x00000000fdb00000, 0x00000000fdb00000|100%| O|  |TAMS 0x00000000fdb00000| PB 0x00000000fda00000| Untracked 
|2011|0x00000000fdb00000, 0x00000000fdb00000, 0x00000000fdc00000|  0%| F|  |TAMS 0x00000000fdb00000| PB 0x00000000fdb00000| Untracked 
|2012|0x00000000fdc00000, 0x00000000fdc00000, 0x00000000fdd00000|  0%| F|  |TAMS 0x00000000fdc00000| PB 0x00000000fdc00000| Untracked 
|2013|0x00000000fdd00000, 0x00000000fdd00000, 0x00000000fde00000|  0%| F|  |TAMS 0x00000000fdd00000| PB 0x00000000fdd00000| Untracked 
|2014|0x00000000fde00000, 0x00000000fde00000, 0x00000000fdf00000|  0%| F|  |TAMS 0x00000000fde00000| PB 0x00000000fde00000| Untracked 
|2015|0x00000000fdf00000, 0x00000000fdf00000, 0x00000000fe000000|  0%| F|  |TAMS 0x00000000fdf00000| PB 0x00000000fdf00000| Untracked 
|2016|0x00000000fe000000, 0x00000000fe000000, 0x00000000fe100000|  0%| F|  |TAMS 0x00000000fe000000| PB 0x00000000fe000000| Untracked 
|2017|0x00000000fe100000, 0x00000000fe100000, 0x00000000fe200000|  0%| F|  |TAMS 0x00000000fe100000| PB 0x00000000fe100000| Untracked 
|2018|0x00000000fe200000, 0x00000000fe200000, 0x00000000fe300000|  0%| F|  |TAMS 0x00000000fe200000| PB 0x00000000fe200000| Untracked 
|2019|0x00000000fe300000, 0x00000000fe300000, 0x00000000fe400000|  0%| F|  |TAMS 0x00000000fe300000| PB 0x00000000fe300000| Untracked 
|2020|0x00000000fe400000, 0x00000000fe400000, 0x00000000fe500000|  0%| F|  |TAMS 0x00000000fe400000| PB 0x00000000fe400000| Untracked 
|2021|0x00000000fe500000, 0x00000000fe500000, 0x00000000fe600000|  0%| F|  |TAMS 0x00000000fe500000| PB 0x00000000fe500000| Untracked 
|2022|0x00000000fe600000, 0x00000000fe600000, 0x00000000fe700000|  0%| F|  |TAMS 0x00000000fe600000| PB 0x00000000fe600000| Untracked 
|2023|0x00000000fe700000, 0x00000000fe700000, 0x00000000fe800000|  0%| F|  |TAMS 0x00000000fe700000| PB 0x00000000fe700000| Untracked 
|2024|0x00000000fe800000, 0x00000000fe800000, 0x00000000fe900000|  0%| F|  |TAMS 0x00000000fe800000| PB 0x00000000fe800000| Untracked 
|2025|0x00000000fe900000, 0x00000000fe900000, 0x00000000fea00000|  0%| F|  |TAMS 0x00000000fe900000| PB 0x00000000fe900000| Untracked 
|2026|0x00000000fea00000, 0x00000000fea00000, 0x00000000feb00000|  0%| F|  |TAMS 0x00000000fea00000| PB 0x00000000fea00000| Untracked 
|2027|0x00000000feb00000, 0x00000000feb00000, 0x00000000fec00000|  0%| F|  |TAMS 0x00000000feb00000| PB 0x00000000feb00000| Untracked 
|2028|0x00000000fec00000, 0x00000000fec00000, 0x00000000fed00000|  0%| F|  |TAMS 0x00000000fec00000| PB 0x00000000fec00000| Untracked 
|2029|0x00000000fed00000, 0x00000000fed00000, 0x00000000fee00000|  0%| F|  |TAMS 0x00000000fed00000| PB 0x00000000fed00000| Untracked 
|2030|0x00000000fee00000, 0x00000000fee00000, 0x00000000fef00000|  0%| F|  |TAMS 0x00000000fee00000| PB 0x00000000fee00000| Untracked 
|2031|0x00000000fef00000, 0x00000000fef00000, 0x00000000ff000000|  0%| F|  |TAMS 0x00000000fef00000| PB 0x00000000fef00000| Untracked 
|2032|0x00000000ff000000, 0x00000000ff000000, 0x00000000ff100000|  0%| F|  |TAMS 0x00000000ff000000| PB 0x00000000ff000000| Untracked 
|2033|0x00000000ff100000, 0x00000000ff100000, 0x00000000ff200000|  0%| F|  |TAMS 0x00000000ff100000| PB 0x00000000ff100000| Untracked 
|2034|0x00000000ff200000, 0x00000000ff200000, 0x00000000ff300000|  0%| F|  |TAMS 0x00000000ff200000| PB 0x00000000ff200000| Untracked 
|2035|0x00000000ff300000, 0x00000000ff300000, 0x00000000ff400000|  0%| F|  |TAMS 0x00000000ff300000| PB 0x00000000ff300000| Untracked 
|2036|0x00000000ff400000, 0x00000000ff400000, 0x00000000ff500000|  0%| F|  |TAMS 0x00000000ff400000| PB 0x00000000ff400000| Untracked 
|2037|0x00000000ff500000, 0x00000000ff500000, 0x00000000ff600000|  0%| F|  |TAMS 0x00000000ff500000| PB 0x00000000ff500000| Untracked 
|2038|0x00000000ff600000, 0x00000000ff600000, 0x00000000ff700000|  0%| F|  |TAMS 0x00000000ff600000| PB 0x00000000ff600000| Untracked 
|2039|0x00000000ff700000, 0x00000000ff700000, 0x00000000ff800000|  0%| F|  |TAMS 0x00000000ff700000| PB 0x00000000ff700000| Untracked 
|2040|0x00000000ff800000, 0x00000000ff900000, 0x00000000ff900000|100%| E|  |TAMS 0x00000000ff800000| PB 0x00000000ff800000| Complete 
|2041|0x00000000ff900000, 0x00000000ffa00000, 0x00000000ffa00000|100%| E|CS|TAMS 0x00000000ff900000| PB 0x00000000ff900000| Complete 
|2042|0x00000000ffa00000, 0x00000000ffb00000, 0x00000000ffb00000|100%| E|CS|TAMS 0x00000000ffa00000| PB 0x00000000ffa00000| Complete 
|2043|0x00000000ffb00000, 0x00000000ffc00000, 0x00000000ffc00000|100%| O|  |TAMS 0x00000000ffc00000| PB 0x00000000ffb00000| Untracked 
|2044|0x00000000ffc00000, 0x00000000ffd00000, 0x00000000ffd00000|100%| E|  |TAMS 0x00000000ffc00000| PB 0x00000000ffc00000| Complete 
|2045|0x00000000ffd00000, 0x00000000ffe00000, 0x00000000ffe00000|100%| E|CS|TAMS 0x00000000ffd00000| PB 0x00000000ffd00000| Complete 
|2046|0x00000000ffe00000, 0x00000000fff00000, 0x00000000fff00000|100%| O|  |TAMS 0x00000000fff00000| PB 0x00000000ffe00000| Untracked 
|2047|0x00000000fff00000, 0x0000000100000000, 0x0000000100000000|100%| E|CS|TAMS 0x00000000fff00000| PB 0x00000000fff00000| Complete 

Card table byte_map: [0x0000023464d40000,0x0000023465140000] _byte_map_base: 0x0000023464940000

Marking Bits: (CMBitMap*) 0x0000023451e88e20
 Bits: [0x0000023465140000, 0x0000023467140000)

Polling page: 0x000002344f930000

Metaspace:

Usage:
  Non-class:    176.61 MB used.
      Class:     27.17 MB used.
       Both:    203.78 MB used.

Virtual space:
  Non-class space:      192.00 MB reserved,     177.62 MB ( 93%) committed,  3 nodes.
      Class space:        1.00 GB reserved,      28.06 MB (  3%) committed,  1 nodes.
             Both:        1.19 GB reserved,     205.69 MB ( 17%) committed. 

Chunk freelists:
   Non-Class:  13.95 MB
       Class:  3.84 MB
        Both:  17.80 MB

MaxMetaspaceSize: unlimited
CompressedClassSpaceSize: 1.00 GB
Initial GC threshold: 21.00 MB
Current GC threshold: 303.12 MB
CDS: off
 - commit_granule_bytes: 65536.
 - commit_granule_words: 8192.
 - virtual_space_node_default_size: 8388608.
 - enlarge_chunks_in_place: 1.
 - use_allocation_guard: 0.


Internal statistics:

num_allocs_failed_limit: 9.
num_arena_births: 5504.
num_arena_deaths: 2384.
num_vsnodes_births: 4.
num_vsnodes_deaths: 0.
num_space_committed: 3293.
num_space_uncommitted: 3.
num_chunks_returned_to_freelist: 2782.
num_chunks_taken_from_freelist: 15272.
num_chunk_merges: 1019.
num_chunk_splits: 9482.
num_chunks_enlarged: 6317.
num_inconsistent_stats: 0.

CodeHeap 'non-profiled nmethods': size=119168Kb used=21808Kb max_used=21808Kb free=97359Kb
 bounds [0x000002345cb30000, 0x000002345e080000, 0x0000023463f90000]
CodeHeap 'profiled nmethods': size=119104Kb used=45479Kb max_used=45479Kb free=73624Kb
 bounds [0x0000023454f90000, 0x0000023457c00000, 0x000002345c3e0000]
CodeHeap 'non-nmethods': size=7488Kb used=4720Kb max_used=4770Kb free=2767Kb
 bounds [0x000002345c3e0000, 0x000002345c8a0000, 0x000002345cb30000]
CodeCache: size=245760Kb, used=72007Kb, max_used=72057Kb, free=173750Kb
 total_blobs=22591, nmethods=21334, adapters=1156, full_count=0
Compilation: enabled, stopped_count=0, restarted_count=0

Compilation events (20 events):
Event: 3507.668 Thread 0x000002346a6a2dd0 nmethod 35311 0x0000023457bdf790 code [0x0000023457bdfaa0, 0x0000023457be07e0]
Event: 3507.668 Thread 0x000002347091f310 nmethod 35315 0x0000023457be0d10 code [0x0000023457be0ee0, 0x0000023457be1538]
Event: 3507.668 Thread 0x000002347091f310 35316       3       kotlin.text.Regex$Companion::escape (17 bytes)
Event: 3507.668 Thread 0x000002346a6a2dd0 35317       3       kotlin.script.experimental.jvm.util.JvmClasspathUtilKt::matchMaybeVersionedFile (112 bytes)
Event: 3507.668 Thread 0x0000023475bfcf00 nmethod 35312 0x0000023457be1690 code [0x0000023457be19e0, 0x0000023457be28e8]
Event: 3507.668 Thread 0x000002347091f310 nmethod 35316 0x0000023457be2f90 code [0x0000023457be31c0, 0x0000023457be37c8]
Event: 3507.669 Thread 0x000002346a6a2dd0 nmethod 35317 0x0000023457be3a90 code [0x0000023457be3fe0, 0x0000023457be6218]
Event: 3507.675 Thread 0x0000023475bfcf00 35318   !   3       java.lang.ref.Finalizer::runFinalizer (135 bytes)
Event: 3507.675 Thread 0x000002347091f310 35319       3       java.lang.ref.FinalReference::get (5 bytes)
Event: 3507.675 Thread 0x000002346a6a2dd0 35320       3       java.lang.ref.Reference::getFromInactiveFinalReference (47 bytes)
Event: 3507.675 Thread 0x0000023473c957b0 35321       3       java.lang.System$2::invokeFinalize (5 bytes)
Event: 3507.675 Thread 0x000002346a6892d0 nmethod 35314 0x000002345e07b290 code [0x000002345e07b460, 0x000002345e07ba90]
Event: 3507.675 Thread 0x000002346a6a2dd0 nmethod 35320 0x0000023457be6f10 code [0x0000023457be70a0, 0x0000023457be71d0]
Event: 3507.675 Thread 0x000002346a6a2dd0 35322       3       java.lang.ref.FinalReference::clear (5 bytes)
Event: 3507.675 Thread 0x0000023473c957b0 nmethod 35321 0x0000023457be7290 code [0x0000023457be7440, 0x0000023457be7610]
Event: 3507.675 Thread 0x000002347091f310 nmethod 35319 0x0000023457be7710 code [0x0000023457be78c0, 0x0000023457be7a78]
Event: 3507.675 Thread 0x000002347091f310 35323       3       java.lang.ref.Reference::clearInactiveFinalReference (48 bytes)
Event: 3507.675 Thread 0x000002346a6a2dd0 nmethod 35322 0x0000023457be7b10 code [0x0000023457be7cc0, 0x0000023457be7e78]
Event: 3507.675 Thread 0x000002347091f310 nmethod 35323 0x0000023457be7f10 code [0x0000023457be80c0, 0x0000023457be8210]
Event: 3507.676 Thread 0x0000023475bfcf00 nmethod 35318 0x0000023457be8290 code [0x0000023457be84e0, 0x0000023457be8f78]

GC Heap History (20 events):
Event: 1970.310 GC heap before
{Heap before GC invocations=58 (full 0):
 garbage-first heap   total 345088K, used 310100K [0x0000000080000000, 0x0000000100000000)
  region size 1024K, 104 young (106496K), 9 survivors (9216K)
 Metaspace       used 165439K, committed 167936K, reserved 1245184K
  class space    used 22571K, committed 24000K, reserved 1048576K
}
Event: 1970.318 GC heap after
{Heap after GC invocations=59 (full 0):
 garbage-first heap   total 345088K, used 197906K [0x0000000080000000, 0x0000000100000000)
  region size 1024K, 13 young (13312K), 13 survivors (13312K)
 Metaspace       used 165439K, committed 167936K, reserved 1245184K
  class space    used 22571K, committed 24000K, reserved 1048576K
}
Event: 1970.875 GC heap before
{Heap before GC invocations=59 (full 0):
 garbage-first heap   total 345088K, used 309522K [0x0000000080000000, 0x0000000100000000)
  region size 1024K, 121 young (123904K), 13 survivors (13312K)
 Metaspace       used 173197K, committed 174784K, reserved 1245184K
  class space    used 23604K, committed 24384K, reserved 1048576K
}
Event: 1970.883 GC heap after
{Heap after GC invocations=60 (full 0):
 garbage-first heap   total 349184K, used 196724K [0x0000000080000000, 0x0000000100000000)
  region size 1024K, 16 young (16384K), 16 survivors (16384K)
 Metaspace       used 173197K, committed 174784K, reserved 1245184K
  class space    used 23604K, committed 24384K, reserved 1048576K
}
Event: 2350.951 GC heap before
{Heap before GC invocations=60 (full 0):
 garbage-first heap   total 349184K, used 311412K [0x0000000080000000, 0x0000000100000000)
  region size 1024K, 129 young (132096K), 16 survivors (16384K)
 Metaspace       used 176980K, committed 178688K, reserved 1245184K
  class space    used 24073K, committed 24896K, reserved 1048576K
}
Event: 2350.959 GC heap after
{Heap after GC invocations=61 (full 0):
 garbage-first heap   total 349184K, used 202666K [0x0000000080000000, 0x0000000100000000)
  region size 1024K, 14 young (14336K), 14 survivors (14336K)
 Metaspace       used 176980K, committed 178688K, reserved 1245184K
  class space    used 24073K, committed 24896K, reserved 1048576K
}
Event: 2618.963 GC heap before
{Heap before GC invocations=62 (full 0):
 garbage-first heap   total 349184K, used 319402K [0x0000000080000000, 0x0000000100000000)
  region size 1024K, 126 young (129024K), 14 survivors (14336K)
 Metaspace       used 177251K, committed 178880K, reserved 1245184K
  class space    used 24108K, committed 24896K, reserved 1048576K
}
Event: 2618.969 GC heap after
{Heap after GC invocations=63 (full 0):
 garbage-first heap   total 349184K, used 215383K [0x0000000080000000, 0x0000000100000000)
  region size 1024K, 16 young (16384K), 16 survivors (16384K)
 Metaspace       used 177251K, committed 178880K, reserved 1245184K
  class space    used 24108K, committed 24896K, reserved 1048576K
}
Event: 2619.423 GC heap before
{Heap before GC invocations=63 (full 0):
 garbage-first heap   total 349184K, used 345431K [0x0000000080000000, 0x0000000100000000)
  region size 1024K, 117 young (119808K), 16 survivors (16384K)
 Metaspace       used 180010K, committed 181696K, reserved 1245184K
  class space    used 24391K, committed 25216K, reserved 1048576K
}
Event: 2619.430 GC heap after
{Heap after GC invocations=64 (full 0):
 garbage-first heap   total 380928K, used 192295K [0x0000000080000000, 0x0000000100000000)
  region size 1024K, 4 young (4096K), 4 survivors (4096K)
 Metaspace       used 180010K, committed 181696K, reserved 1245184K
  class space    used 24391K, committed 25216K, reserved 1048576K
}
Event: 2620.395 GC heap before
{Heap before GC invocations=64 (full 0):
 garbage-first heap   total 380928K, used 349991K [0x0000000080000000, 0x0000000100000000)
  region size 1024K, 153 young (156672K), 4 survivors (4096K)
 Metaspace       used 184279K, committed 185984K, reserved 1245184K
  class space    used 24773K, committed 25600K, reserved 1048576K
}
Event: 2620.399 GC heap after
{Heap after GC invocations=65 (full 0):
 garbage-first heap   total 380928K, used 197126K [0x0000000080000000, 0x0000000100000000)
  region size 1024K, 6 young (6144K), 6 survivors (6144K)
 Metaspace       used 184279K, committed 185984K, reserved 1245184K
  class space    used 24773K, committed 25600K, reserved 1048576K
}
Event: 2643.673 GC heap before
{Heap before GC invocations=65 (full 0):
 garbage-first heap   total 380928K, used 315910K [0x0000000080000000, 0x0000000100000000)
  region size 1024K, 123 young (125952K), 6 survivors (6144K)
 Metaspace       used 184503K, committed 186176K, reserved 1245184K
  class space    used 24775K, committed 25600K, reserved 1048576K
}
Event: 2643.677 GC heap after
{Heap after GC invocations=66 (full 0):
 garbage-first heap   total 380928K, used 205521K [0x0000000080000000, 0x0000000100000000)
  region size 1024K, 16 young (16384K), 16 survivors (16384K)
 Metaspace       used 184503K, committed 186176K, reserved 1245184K
  class space    used 24775K, committed 25600K, reserved 1048576K
}
Event: 2644.009 GC heap before
{Heap before GC invocations=67 (full 0):
 garbage-first heap   total 380928K, used 355025K [0x0000000080000000, 0x0000000100000000)
  region size 1024K, 155 young (158720K), 16 survivors (16384K)
 Metaspace       used 188073K, committed 189760K, reserved 1245184K
  class space    used 25015K, committed 25792K, reserved 1048576K
}
Event: 2644.014 GC heap after
{Heap after GC invocations=68 (full 0):
 garbage-first heap   total 381952K, used 216621K [0x0000000080000000, 0x0000000100000000)
  region size 1024K, 11 young (11264K), 11 survivors (11264K)
 Metaspace       used 188073K, committed 189760K, reserved 1245184K
  class space    used 25015K, committed 25792K, reserved 1048576K
}
Event: 3506.483 GC heap before
{Heap before GC invocations=68 (full 0):
 garbage-first heap   total 381952K, used 369197K [0x0000000080000000, 0x0000000100000000)
  region size 1024K, 142 young (145408K), 11 survivors (11264K)
 Metaspace       used 189723K, committed 191488K, reserved 1245184K
  class space    used 25073K, committed 25920K, reserved 1048576K
}
Event: 3506.488 GC heap after
{Heap after GC invocations=69 (full 0):
 garbage-first heap   total 392192K, used 193531K [0x0000000080000000, 0x0000000100000000)
  region size 1024K, 3 young (3072K), 3 survivors (3072K)
 Metaspace       used 189723K, committed 191488K, reserved 1245184K
  class space    used 25073K, committed 25920K, reserved 1048576K
}
Event: 3507.671 GC heap before
{Heap before GC invocations=69 (full 0):
 garbage-first heap   total 392192K, used 360443K [0x0000000080000000, 0x0000000100000000)
  region size 1024K, 167 young (171008K), 3 survivors (3072K)
 Metaspace       used 207924K, committed 209728K, reserved 1245184K
  class space    used 27774K, committed 28608K, reserved 1048576K
}
Event: 3507.675 GC heap after
{Heap after GC invocations=70 (full 0):
 garbage-first heap   total 392192K, used 199410K [0x0000000080000000, 0x0000000100000000)
  region size 1024K, 9 young (9216K), 9 survivors (9216K)
 Metaspace       used 207924K, committed 209728K, reserved 1245184K
  class space    used 27774K, committed 28608K, reserved 1048576K
}

Dll operation events (3 events):
Event: 0.037 Loaded shared library D:\Android Studio\jbr\bin\java.dll
Event: 0.040 Loaded shared library D:\Android Studio\jbr\bin\zip.dll
Event: 0.299 Loaded shared library D:\Android Studio\jbr\bin\verify.dll

Deoptimization events (20 events):
Event: 3506.927 Thread 0x00000234781767b0 Uncommon trap: trap_request=0xffffff45 fr.pc=0x000002345dd877e4 relative=0x00000000000003e4
Event: 3506.927 Thread 0x00000234781767b0 Uncommon trap: reason=unstable_if action=reinterpret pc=0x000002345dd877e4 method=com.google.common.collect.ImmutableSortedSet.construct(Ljava/util/Comparator;I[Ljava/lang/Object;)Lcom/google/common/collect/ImmutableSortedSet; @ 1 c2
Event: 3506.927 Thread 0x00000234781767b0 DEOPT PACKING pc=0x000002345dd877e4 sp=0x00000097404f6470
Event: 3506.927 Thread 0x00000234781767b0 DEOPT UNPACKING pc=0x000002345c4343a2 sp=0x00000097404f63a0 mode 2
Event: 3506.927 Thread 0x00000234781767b0 Uncommon trap: trap_request=0xffffff45 fr.pc=0x000002345dd8197c relative=0x000000000000015c
Event: 3506.927 Thread 0x00000234781767b0 Uncommon trap: reason=unstable_if action=reinterpret pc=0x000002345dd8197c method=com.google.common.collect.ImmutableSortedSet.construct(Ljava/util/Comparator;I[Ljava/lang/Object;)Lcom/google/common/collect/ImmutableSortedSet; @ 1 c2
Event: 3506.927 Thread 0x00000234781767b0 DEOPT PACKING pc=0x000002345dd8197c sp=0x00000097404f6240
Event: 3506.927 Thread 0x00000234781767b0 DEOPT UNPACKING pc=0x000002345c4343a2 sp=0x00000097404f61e0 mode 2
Event: 3507.040 Thread 0x00000234781767b0 Uncommon trap: trap_request=0xfffffff4 fr.pc=0x000002345cc6859c relative=0x000000000000017c
Event: 3507.040 Thread 0x00000234781767b0 Uncommon trap: reason=null_check action=make_not_entrant pc=0x000002345cc6859c method=java.lang.reflect.Array.newInstance(Ljava/lang/Class;I)Ljava/lang/Object; @ 2 c2
Event: 3507.040 Thread 0x00000234781767b0 DEOPT PACKING pc=0x000002345cc6859c sp=0x00000097404f3b40
Event: 3507.040 Thread 0x00000234781767b0 DEOPT UNPACKING pc=0x000002345c4343a2 sp=0x00000097404f3ad8 mode 2
Event: 3507.244 Thread 0x00000234781767b0 Uncommon trap: trap_request=0xfffffff4 fr.pc=0x000002345d93ca9c relative=0x000000000000807c
Event: 3507.244 Thread 0x00000234781767b0 Uncommon trap: reason=null_check action=make_not_entrant pc=0x000002345d93ca9c method=java.lang.Class.reflectionData()Ljava/lang/Class$ReflectionData; @ 18 c2
Event: 3507.244 Thread 0x00000234781767b0 DEOPT PACKING pc=0x000002345d93ca9c sp=0x00000097404f4430
Event: 3507.244 Thread 0x00000234781767b0 DEOPT UNPACKING pc=0x000002345c4343a2 sp=0x00000097404f4390 mode 2
Event: 3507.592 Thread 0x00000234781767b0 Uncommon trap: trap_request=0xffffff45 fr.pc=0x000002345d60e174 relative=0x0000000000000334
Event: 3507.592 Thread 0x00000234781767b0 Uncommon trap: reason=unstable_if action=reinterpret pc=0x000002345d60e174 method=java.lang.String.startsWith(Ljava/lang/String;I)Z @ 84 c2
Event: 3507.592 Thread 0x00000234781767b0 DEOPT PACKING pc=0x000002345d60e174 sp=0x00000097404f4300
Event: 3507.592 Thread 0x00000234781767b0 DEOPT UNPACKING pc=0x000002345c4343a2 sp=0x00000097404f4160 mode 2

Classes loaded (20 events):
Event: 3507.242 Loading class java/util/concurrent/atomic/AtomicLongFieldUpdater$CASUpdater
Event: 3507.242 Loading class java/util/concurrent/atomic/AtomicLongFieldUpdater$CASUpdater done
Event: 3507.242 Loading class java/util/concurrent/atomic/AtomicLongFieldUpdater$CASUpdater$1
Event: 3507.242 Loading class java/util/concurrent/atomic/AtomicLongFieldUpdater$CASUpdater$1 done
Event: 3507.336 Loading class java/util/AbstractMap$1
Event: 3507.336 Loading class java/util/AbstractMap$1 done
Event: 3507.355 Loading class java/util/concurrent/atomic/AtomicIntegerFieldUpdater
Event: 3507.355 Loading class java/util/concurrent/atomic/AtomicIntegerFieldUpdater done
Event: 3507.355 Loading class java/util/concurrent/atomic/AtomicIntegerFieldUpdater$AtomicIntegerFieldUpdaterImpl
Event: 3507.355 Loading class java/util/concurrent/atomic/AtomicIntegerFieldUpdater$AtomicIntegerFieldUpdaterImpl done
Event: 3507.355 Loading class java/util/concurrent/atomic/AtomicIntegerFieldUpdater$AtomicIntegerFieldUpdaterImpl$1
Event: 3507.355 Loading class java/util/concurrent/atomic/AtomicIntegerFieldUpdater$AtomicIntegerFieldUpdaterImpl$1 done
Event: 3507.545 Loading class java/nio/channels/NonWritableChannelException
Event: 3507.545 Loading class java/nio/channels/NonWritableChannelException done
Event: 3507.593 Loading class sun/nio/cs/UTF_32BE
Event: 3507.593 Loading class sun/nio/cs/UTF_32BE done
Event: 3507.593 Loading class sun/nio/cs/UTF_32LE
Event: 3507.593 Loading class sun/nio/cs/UTF_32LE done
Event: 3507.593 Loading class sun/nio/cs/MS1251
Event: 3507.593 Loading class sun/nio/cs/MS1251 done

Classes unloaded (20 events):
Event: 2350.983 Thread 0x000002346a5fe960 Unloading class 0x0000000101315be0 'jdk/internal/jimage/BasicImageReader'
Event: 2350.983 Thread 0x000002346a5fe960 Unloading class 0x0000000101315988 'jdk/internal/jimage/ImageReader'
Event: 2350.983 Thread 0x000002346a5fe960 Unloading class 0x0000000101315728 'jdk/internal/jrtfs/SystemImage$2'
Event: 2350.983 Thread 0x000002346a5fe960 Unloading class 0x00000001013154d8 'jdk/internal/jrtfs/SystemImage$$Lambda+0x00000001013154d8'
Event: 2350.983 Thread 0x000002346a5fe960 Unloading class 0x0000000101315270 'jdk/internal/jrtfs/ExplodedImage'
Event: 2350.983 Thread 0x000002346a5fe960 Unloading class 0x0000000101315000 'jdk/internal/jrtfs/SystemImage$1'
Event: 2350.983 Thread 0x000002346a5fe960 Unloading class 0x0000000101314ca0 'jdk/internal/jrtfs/SystemImage'
Event: 2350.983 Thread 0x000002346a5fe960 Unloading class 0x0000000101314a08 'jdk/internal/jrtfs/JrtFileStore'
Event: 2350.983 Thread 0x000002346a5fe960 Unloading class 0x0000000101314658 'jdk/internal/jrtfs/JrtPath'
Event: 2350.983 Thread 0x000002346a5fe960 Unloading class 0x0000000101314328 'jdk/internal/jrtfs/JrtFileSystem'
Event: 2350.983 Thread 0x000002346a5fe960 Unloading class 0x0000000101314000 'jdk/internal/jrtfs/JrtFileSystemProvider'
Event: 2643.703 Thread 0x000002346a5fe960 Unloading class 0x00000001011b9800 'java/lang/invoke/LambdaForm$MH+0x00000001011b9800'
Event: 2643.703 Thread 0x000002346a5fe960 Unloading class 0x00000001011b8c00 'java/lang/invoke/LambdaForm$MH+0x00000001011b8c00'
Event: 2643.703 Thread 0x000002346a5fe960 Unloading class 0x00000001011b8800 'java/lang/invoke/LambdaForm$MH+0x00000001011b8800'
Event: 2643.703 Thread 0x000002346a5fe960 Unloading class 0x00000001011b8400 'java/lang/invoke/LambdaForm$MH+0x00000001011b8400'
Event: 2643.703 Thread 0x000002346a5fe960 Unloading class 0x00000001011b8000 'java/lang/invoke/LambdaForm$MH+0x00000001011b8000'
Event: 2643.703 Thread 0x000002346a5fe960 Unloading class 0x00000001011b1400 'java/lang/invoke/LambdaForm$MH+0x00000001011b1400'
Event: 2643.703 Thread 0x000002346a5fe960 Unloading class 0x00000001011b1000 'java/lang/invoke/LambdaForm$MH+0x00000001011b1000'
Event: 2643.703 Thread 0x000002346a5fe960 Unloading class 0x00000001011b0c00 'java/lang/invoke/LambdaForm$MH+0x00000001011b0c00'
Event: 2643.703 Thread 0x000002346a5fe960 Unloading class 0x0000000100f10800 'java/lang/invoke/LambdaForm$MH+0x0000000100f10800'

Classes redefined (0 events):
No events

Internal exceptions (20 events):
Event: 3506.933 Thread 0x00000234781767b0 Exception <a 'sun/nio/fs/WindowsException'{0x0000000091dfe450}> (0x0000000091dfe450) 
thrown [s\src\hotspot\share\prims\jni.cpp, line 537]
Event: 3506.934 Thread 0x00000234781767b0 Exception <a 'sun/nio/fs/WindowsException'{0x0000000091c014c0}> (0x0000000091c014c0) 
thrown [s\src\hotspot\share\prims\jni.cpp, line 537]
Event: 3507.040 Thread 0x00000234781767b0 Implicit null exception at 0x000002345cc68441 to 0x000002345cc68588
Event: 3507.123 Thread 0x00000234781767b0 Exception <a 'sun/nio/fs/WindowsException'{0x00000000909fdb18}> (0x00000000909fdb18) 
thrown [s\src\hotspot\share\prims\jni.cpp, line 537]
Event: 3507.124 Thread 0x00000234781767b0 Exception <a 'sun/nio/fs/WindowsException'{0x0000000090809380}> (0x0000000090809380) 
thrown [s\src\hotspot\share\prims\jni.cpp, line 537]
Event: 3507.144 Thread 0x00000234781767b0 Exception <a 'sun/nio/fs/WindowsException'{0x00000000906b0018}> (0x00000000906b0018) 
thrown [s\src\hotspot\share\prims\jni.cpp, line 537]
Event: 3507.144 Thread 0x00000234781767b0 Exception <a 'sun/nio/fs/WindowsException'{0x00000000906b2038}> (0x00000000906b2038) 
thrown [s\src\hotspot\share\prims\jni.cpp, line 537]
Event: 3507.203 Thread 0x00000234781767b0 Exception <a 'sun/nio/fs/WindowsException'{0x00000000900ff378}> (0x00000000900ff378) 
thrown [s\src\hotspot\share\prims\jni.cpp, line 537]
Event: 3507.241 Thread 0x00000234781767b0 Exception <a 'java/lang/NoSuchMethodError'{0x000000008fcf7c70}: 'long java.lang.invoke.DirectMethodHandle$Holder.invokeStatic(java.lang.Object)'> (0x000000008fcf7c70) 
thrown [s\src\hotspot\share\interpreter\linkResolver.cpp, line 784]
Event: 3507.241 Thread 0x00000234781767b0 Exception <a 'java/lang/NoSuchMethodError'{0x000000008fcfc818}: 'long java.lang.invoke.DirectMethodHandle$Holder.invokeStaticInit(java.lang.Object)'> (0x000000008fcfc818) 
thrown [s\src\hotspot\share\interpreter\linkResolver.cpp, line 784]
Event: 3507.244 Thread 0x00000234781767b0 Implicit null exception at 0x000002345d934bf5 to 0x000002345d93ca84
Event: 3507.279 Thread 0x00000234781767b0 Exception <a 'java/lang/NoSuchMethodError'{0x000000008f7a6ce0}: 'void java.lang.invoke.DelegatingMethodHandle$Holder.reinvoke_L(java.lang.Object, java.lang.Object, java.lang.Object, long, java.lang.Object)'> (0x000000008f7a6ce0) 
thrown [s\src\hotspot\share\interpreter\linkResolver.cpp, line 784]
Event: 3507.279 Thread 0x00000234781767b0 Exception <a 'java/lang/NoSuchMethodError'{0x000000008f7af4a0}: 'java.lang.Object java.lang.invoke.DirectMethodHandle$Holder.invokeSpecial(java.lang.Object, java.lang.Object, java.lang.Object, java.lang.Object, long)'> (0x000000008f7af4a0) 
thrown [s\src\hotspot\share\interpreter\linkResolver.cpp, line 784]
Event: 3507.280 Thread 0x00000234781767b0 Exception <a 'java/lang/NoSuchMethodError'{0x000000008f7bf7b0}: 'int java.lang.invoke.DelegatingMethodHandle$Holder.reinvoke_L(java.lang.Object, java.lang.Object, java.lang.Object, long, java.lang.Object, java.lang.Object)'> (0x000000008f7bf7b0) 
thrown [s\src\hotspot\share\interpreter\linkResolver.cpp, line 784]
Event: 3507.280 Thread 0x00000234781767b0 Exception <a 'java/lang/NoSuchMethodError'{0x000000008f7cf110}: 'int java.lang.invoke.DelegatingMethodHandle$Holder.reinvoke_L(java.lang.Object, java.lang.Object, java.lang.Object, long, int, int)'> (0x000000008f7cf110) 
thrown [s\src\hotspot\share\interpreter\linkResolver.cpp, line 784]
Event: 3507.280 Thread 0x00000234781767b0 Exception <a 'java/lang/NoSuchMethodError'{0x000000008f7dea60}: 'int java.lang.invoke.DelegatingMethodHandle$Holder.reinvoke_L(java.lang.Object, java.lang.Object, java.lang.Object, long, long, long)'> (0x000000008f7dea60) 
thrown [s\src\hotspot\share\interpreter\linkResolver.cpp, line 784]
Event: 3507.280 Thread 0x00000234781767b0 Exception <a 'java/lang/NoSuchMethodError'{0x000000008f7ede00}: 'int java.lang.invoke.DelegatingMethodHandle$Holder.reinvoke_L(java.lang.Object, java.lang.Object, java.lang.Object, long, int)'> (0x000000008f7ede00) 
thrown [s\src\hotspot\share\interpreter\linkResolver.cpp, line 784]
Event: 3507.281 Thread 0x00000234781767b0 Exception <a 'java/lang/NoSuchMethodError'{0x000000008f604818}: 'void java.lang.invoke.DelegatingMethodHandle$Holder.reinvoke_L(java.lang.Object, java.lang.Object, java.lang.Object, long, java.lang.Object, long, long)'> (0x000000008f604818) 
thrown [s\src\hotspot\share\interpreter\linkResolver.cpp, line 784]
Event: 3507.530 Thread 0x00000234781767b0 Exception <a 'java/lang/NoSuchMethodError'{0x000000008d5251d8}: 'java.lang.Object java.lang.invoke.DirectMethodHandle$Holder.invokeStatic(java.lang.Object, java.lang.Object, java.lang.Object, java.lang.Object, int, java.lang.Object)'> (0x000000008d5251d8) 
thrown [s\src\hotspot\share\interpreter\linkResolver.cpp, line 784]
Event: 3507.658 Thread 0x00000234781767b0 Exception <a 'java/lang/NoSuchMethodError'{0x000000008b8face0}: 'java.lang.Object java.lang.invoke.Invokers$Holder.invokeExact_MT(java.lang.Object, java.lang.Object, long, java.lang.Object)'> (0x000000008b8face0) 
thrown [s\src\hotspot\share\interpreter\linkResolver.cpp, line 784]

ZGC Phase Switch (0 events):
No events

VM Operations (20 events):
Event: 3506.544 Executing non-safepoint VM operation: HandshakeAllThreads (Deoptimize)
Event: 3506.544 Executing non-safepoint VM operation: HandshakeAllThreads (Deoptimize) done
Event: 3506.545 Executing non-safepoint VM operation: HandshakeAllThreads (Deoptimize)
Event: 3506.545 Executing non-safepoint VM operation: HandshakeAllThreads (Deoptimize) done
Event: 3506.624 Executing safepoint VM operation: ICBufferFull
Event: 3506.624 Executing safepoint VM operation: ICBufferFull done
Event: 3507.105 Executing non-safepoint VM operation: HandshakeAllThreads (Deoptimize)
Event: 3507.105 Executing non-safepoint VM operation: HandshakeAllThreads (Deoptimize) done
Event: 3507.246 Executing non-safepoint VM operation: HandshakeAllThreads (Deoptimize)
Event: 3507.246 Executing non-safepoint VM operation: HandshakeAllThreads (Deoptimize) done
Event: 3507.308 Executing non-safepoint VM operation: HandshakeAllThreads (Deoptimize)
Event: 3507.308 Executing non-safepoint VM operation: HandshakeAllThreads (Deoptimize) done
Event: 3507.311 Executing non-safepoint VM operation: HandshakeAllThreads (Deoptimize)
Event: 3507.311 Executing non-safepoint VM operation: HandshakeAllThreads (Deoptimize) done
Event: 3507.563 Executing safepoint VM operation: ICBufferFull
Event: 3507.563 Executing safepoint VM operation: ICBufferFull done
Event: 3507.630 Executing non-safepoint VM operation: HandshakeAllThreads (Deoptimize)
Event: 3507.631 Executing non-safepoint VM operation: HandshakeAllThreads (Deoptimize) done
Event: 3507.671 Executing safepoint VM operation: G1CollectForAllocation (G1 Evacuation Pause)
Event: 3507.675 Executing safepoint VM operation: G1CollectForAllocation (G1 Evacuation Pause) done

Memory protections (0 events):
No events

Nmethod flushes (20 events):
Event: 2643.712 Thread 0x000002346a5fe960 flushing  nmethod 0x0000023455c2b310
Event: 2643.712 Thread 0x000002346a5fe960 flushing  nmethod 0x0000023455d65110
Event: 2643.712 Thread 0x000002346a5fe960 flushing  nmethod 0x0000023455d67110
Event: 2643.712 Thread 0x000002346a5fe960 flushing  nmethod 0x0000023455dc5a90
Event: 2643.712 Thread 0x000002346a5fe960 flushing  nmethod 0x0000023455dca910
Event: 2643.712 Thread 0x000002346a5fe960 flushing  nmethod 0x0000023455dcd310
Event: 2643.712 Thread 0x000002346a5fe960 flushing  nmethod 0x0000023455e66190
Event: 2643.712 Thread 0x000002346a5fe960 flushing  nmethod 0x0000023455e67810
Event: 2643.712 Thread 0x000002346a5fe960 flushing  nmethod 0x0000023455e75e10
Event: 2643.712 Thread 0x000002346a5fe960 flushing  nmethod 0x0000023455f9b290
Event: 2643.712 Thread 0x000002346a5fe960 flushing  nmethod 0x0000023456033d90
Event: 2643.712 Thread 0x000002346a5fe960 flushing  nmethod 0x0000023456035110
Event: 2643.712 Thread 0x000002346a5fe960 flushing  nmethod 0x00000234560d7990
Event: 2643.712 Thread 0x000002346a5fe960 flushing  nmethod 0x0000023456703a10
Event: 2643.712 Thread 0x000002346a5fe960 flushing  nmethod 0x0000023456a41d10
Event: 2643.712 Thread 0x000002346a5fe960 flushing  nmethod 0x0000023456b59890
Event: 2643.712 Thread 0x000002346a5fe960 flushing  nmethod 0x0000023456b66310
Event: 2643.712 Thread 0x000002346a5fe960 flushing  nmethod 0x0000023456c2db10
Event: 2643.712 Thread 0x000002346a5fe960 flushing  nmethod 0x0000023456c2fa10
Event: 2643.712 Thread 0x000002346a5fe960 flushing  nmethod 0x0000023456dbad90

Events (20 events):
Event: 3506.465 Thread 0x00000234781767b0 Thread added: 0x00000234781853f0
Event: 3506.465 Thread 0x00000234781767b0 Thread added: 0x00000234781867a0
Event: 3506.465 Thread 0x00000234781767b0 Thread added: 0x0000023478183320
Event: 3506.516 Thread 0x000002347d07ffd0 Thread added: 0x0000023475bfcf00
Event: 3506.546 Thread 0x000002346a6a2dd0 Thread added: 0x00000234766740b0
Event: 3506.546 Thread 0x0000023475bfcf00 Thread added: 0x0000023405f2cad0
Event: 3506.548 Thread 0x0000023405f2cad0 Thread added: 0x0000023476ca4940
Event: 3506.549 Thread 0x0000023475bfcf00 Thread added: 0x0000023473c95e80
Event: 3506.556 Thread 0x000002346a6a2dd0 Thread added: 0x0000023476675520
Event: 3506.556 Thread 0x000002346a6a2dd0 Thread added: 0x000002347091ec40
Event: 3506.587 Thread 0x000002346a6a2dd0 Thread added: 0x000002347091f310
Event: 3506.587 Thread 0x0000023475bfcf00 Thread added: 0x0000023473c957b0
Event: 3506.752 Thread 0x00000234781767b0 Thread added: 0x00000234781846d0
Event: 3507.092 Thread 0x000002347091ec40 Thread exited: 0x000002347091ec40
Event: 3507.092 Thread 0x0000023473c95e80 Thread exited: 0x0000023473c95e80
Event: 3507.092 Thread 0x0000023476675520 Thread exited: 0x0000023476675520
Event: 3507.103 Thread 0x0000023476ca4940 Thread exited: 0x0000023476ca4940
Event: 3507.105 Thread 0x0000023405f2cad0 Thread exited: 0x0000023405f2cad0
Event: 3507.105 Thread 0x00000234766740b0 Thread exited: 0x00000234766740b0
Event: 3507.105 Thread 0x000002347d07ffd0 Thread exited: 0x000002347d07ffd0


Dynamic libraries:
0x00007ff788e50000 - 0x00007ff788e5a000 	D:\Android Studio\jbr\bin\java.exe
0x00007ff906dc0000 - 0x00007ff907026000 	C:\WINDOWS\SYSTEM32\ntdll.dll
0x00007ff906450000 - 0x00007ff906519000 	C:\WINDOWS\System32\KERNEL32.DLL
0x00007ff9043b0000 - 0x00007ff9047aa000 	C:\WINDOWS\System32\KERNELBASE.dll
0x00007ff904860000 - 0x00007ff9049ac000 	C:\WINDOWS\System32\ucrtbase.dll
0x00007ff8d3cb0000 - 0x00007ff8d3ccb000 	D:\Android Studio\jbr\bin\VCRUNTIME140.dll
0x00007ff85cab0000 - 0x00007ff85cac8000 	D:\Android Studio\jbr\bin\jli.dll
0x00007ff906280000 - 0x00007ff906447000 	C:\WINDOWS\System32\USER32.dll
0x00007ff904a70000 - 0x00007ff904a97000 	C:\WINDOWS\System32\win32u.dll
0x00007ff8e9f40000 - 0x00007ff8ea1d2000 	C:\WINDOWS\WinSxS\amd64_microsoft.windows.common-controls_6595b64144ccf1df_6.0.26100.8521_none_3e08b75ce33403b3\COMCTL32.dll
0x00007ff905ab0000 - 0x00007ff905adb000 	C:\WINDOWS\System32\GDI32.dll
0x00007ff905f00000 - 0x00007ff905fa9000 	C:\WINDOWS\System32\msvcrt.dll
0x00007ff9041d0000 - 0x00007ff9042fb000 	C:\WINDOWS\System32\gdi32full.dll
0x00007ff9047b0000 - 0x00007ff904853000 	C:\WINDOWS\System32\msvcp_win.dll
0x00007ff905de0000 - 0x00007ff905e12000 	C:\WINDOWS\System32\IMM32.DLL
0x00007ff8eb250000 - 0x00007ff8eb25c000 	D:\Android Studio\jbr\bin\vcruntime140_1.dll
0x00007ff822aa0000 - 0x00007ff822b2d000 	D:\Android Studio\jbr\bin\msvcp140.dll
0x00007ff832350000 - 0x00007ff832fe6000 	D:\Android Studio\jbr\bin\server\jvm.dll
0x00007ff906520000 - 0x00007ff9065d6000 	C:\WINDOWS\System32\ADVAPI32.dll
0x00007ff904f40000 - 0x00007ff904fea000 	C:\WINDOWS\System32\sechost.dll
0x00007ff905fb0000 - 0x00007ff9060c8000 	C:\WINDOWS\System32\RPCRT4.dll
0x00007ff9060f0000 - 0x00007ff906170000 	C:\WINDOWS\System32\WS2_32.dll
0x00007ff903940000 - 0x00007ff90399e000 	C:\WINDOWS\SYSTEM32\POWRPROF.dll
0x00007ff8f5770000 - 0x00007ff8f57a6000 	C:\WINDOWS\SYSTEM32\WINMM.dll
0x00007ff8fc400000 - 0x00007ff8fc40b000 	C:\WINDOWS\SYSTEM32\VERSION.dll
0x00007ff903920000 - 0x00007ff903934000 	C:\WINDOWS\SYSTEM32\UMPDC.dll
0x00007ff902d00000 - 0x00007ff902d1b000 	C:\WINDOWS\SYSTEM32\kernel.appcore.dll
0x00007ff8e8a50000 - 0x00007ff8e8a5a000 	D:\Android Studio\jbr\bin\jimage.dll
0x00007ff9017b0000 - 0x00007ff9019f2000 	C:\WINDOWS\SYSTEM32\DBGHELP.DLL
0x00007ff904bb0000 - 0x00007ff904f33000 	C:\WINDOWS\System32\combase.dll
0x00007ff905d00000 - 0x00007ff905dd9000 	C:\WINDOWS\System32\OLEAUT32.dll
0x00007ff8e8c00000 - 0x00007ff8e8c3b000 	C:\WINDOWS\SYSTEM32\dbgcore.DLL
0x00007ff904300000 - 0x00007ff9043a8000 	C:\WINDOWS\System32\bcryptPrimitives.dll
0x00007ff89c070000 - 0x00007ff89c07e000 	D:\Android Studio\jbr\bin\instrument.dll
0x00007ff8d3980000 - 0x00007ff8d39a0000 	D:\Android Studio\jbr\bin\java.dll
0x00007ff8d21e0000 - 0x00007ff8d21f8000 	D:\Android Studio\jbr\bin\zip.dll
0x00007ff9065f0000 - 0x00007ff906d74000 	C:\WINDOWS\System32\SHELL32.dll
0x00007ff901bf0000 - 0x00007ff902470000 	C:\WINDOWS\SYSTEM32\windows.storage.dll
0x00007ff904ff0000 - 0x00007ff9050e6000 	C:\WINDOWS\System32\SHCORE.dll
0x00007ff904b30000 - 0x00007ff904b97000 	C:\WINDOWS\System32\shlwapi.dll
0x00007ff903f70000 - 0x00007ff903f99000 	C:\WINDOWS\SYSTEM32\profapi.dll
0x00007ff8e1310000 - 0x00007ff8e1320000 	D:\Android Studio\jbr\bin\net.dll
0x00007ff8fcdf0000 - 0x00007ff8fcf19000 	C:\WINDOWS\SYSTEM32\WINHTTP.dll
0x00007ff9032f0000 - 0x00007ff90335c000 	C:\WINDOWS\system32\mswsock.dll
0x00007ff8cf340000 - 0x00007ff8cf356000 	D:\Android Studio\jbr\bin\nio.dll
0x00007ff8d76f0000 - 0x00007ff8d7700000 	D:\Android Studio\jbr\bin\verify.dll
0x00007ff841fb0000 - 0x00007ff841fd7000 	C:\Users\Antryx\.gradle\native\1def1411415f61bf3af743bc5b6707747c0891f09f0c88961ee8f79bc544acac\windows-amd64\native-platform.dll
0x00007ff818c80000 - 0x00007ff818cf8000 	C:\Users\Antryx\.gradle\native\0.2.7\x86_64-windows-gnu\gradle-fileevents.dll
0x00007ff8df3d0000 - 0x00007ff8df3d9000 	D:\Android Studio\jbr\bin\management.dll
0x00007ff8df2c0000 - 0x00007ff8df2cb000 	D:\Android Studio\jbr\bin\management_ext.dll
0x00007ff905e20000 - 0x00007ff905e28000 	C:\WINDOWS\System32\PSAPI.DLL
0x00007ff902780000 - 0x00007ff9027b3000 	C:\WINDOWS\SYSTEM32\IPHLPAPI.DLL
0x00007ff905e30000 - 0x00007ff905e3a000 	C:\WINDOWS\System32\NSI.dll
0x00007ff8dfc90000 - 0x00007ff8dfc99000 	D:\Android Studio\jbr\bin\extnet.dll
0x00007ff9036f0000 - 0x00007ff90370b000 	C:\WINDOWS\SYSTEM32\CRYPTSP.dll
0x00007ff902d20000 - 0x00007ff902d59000 	C:\WINDOWS\system32\rsaenh.dll
0x00007ff9033a0000 - 0x00007ff9033d3000 	C:\WINDOWS\SYSTEM32\USERENV.dll
0x00007ff903f40000 - 0x00007ff903f6a000 	C:\WINDOWS\SYSTEM32\bcrypt.dll
0x00007ff903550000 - 0x00007ff90355c000 	C:\WINDOWS\SYSTEM32\CRYPTBASE.dll
0x00007ff8e8a60000 - 0x00007ff8e8a68000 	C:\WINDOWS\system32\wshunix.dll
0x00007ff902810000 - 0x00007ff90295a000 	C:\WINDOWS\SYSTEM32\DNSAPI.dll
0x00007ff903110000 - 0x00007ff90311d000 	C:\WINDOWS\SYSTEM32\DSPARSE.dll
0x00007ff8fbf80000 - 0x00007ff8fbf8b000 	C:\Windows\System32\rasadhlp.dll
0x00007ff8fc0f0000 - 0x00007ff8fc176000 	C:\WINDOWS\System32\fwpuclnt.dll
0x00007ff902ec0000 - 0x00007ff902ef6000 	C:\WINDOWS\SYSTEM32\ntmarta.dll

JVMTI agents:
C:\Users\Antryx\.gradle\wrapper\dists\gradle-8.13-bin\5xuhj0ry160q40clulazy9h7d\gradle-8.13\lib\agents\gradle-instrumentation-agent-8.13.jar path:D:\Android Studio\jbr\bin\instrument.dll, loaded, initialized, instrumentlib options:none

dbghelp: loaded successfully - version: 4.0.5 - missing functions: none
symbol engine: initialized successfully - sym options: 0x614 - pdb path: .;D:\Android Studio\jbr\bin;C:\WINDOWS\SYSTEM32;C:\WINDOWS\WinSxS\amd64_microsoft.windows.common-controls_6595b64144ccf1df_6.0.26100.8521_none_3e08b75ce33403b3;D:\Android Studio\jbr\bin\server;C:\Users\Antryx\.gradle\native\1def1411415f61bf3af743bc5b6707747c0891f09f0c88961ee8f79bc544acac\windows-amd64;C:\Users\Antryx\.gradle\native\0.2.7\x86_64-windows-gnu

VM Arguments:
jvm_args: --add-opens=java.base/java.lang=ALL-UNNAMED --add-opens=java.base/java.lang.invoke=ALL-UNNAMED --add-opens=java.base/java.util=ALL-UNNAMED --add-opens=java.prefs/java.util.prefs=ALL-UNNAMED --add-exports=jdk.compiler/com.sun.tools.javac.api=ALL-UNNAMED --add-exports=jdk.compiler/com.sun.tools.javac.util=ALL-UNNAMED --add-opens=java.base/java.util=ALL-UNNAMED --add-opens=java.prefs/java.util.prefs=ALL-UNNAMED --add-opens=java.base/java.nio.charset=ALL-UNNAMED --add-opens=java.base/java.net=ALL-UNNAMED --add-opens=java.base/java.util.concurrent.atomic=ALL-UNNAMED --add-opens=java.xml/javax.xml.namespace=ALL-UNNAMED -Xmx2048m -Dfile.encoding=UTF-8 -Duser.country=PE -Duser.language=es -Duser.variant -javaagent:C:\Users\Antryx\.gradle\wrapper\dists\gradle-8.13-bin\5xuhj0ry160q40clulazy9h7d\gradle-8.13\lib\agents\gradle-instrumentation-agent-8.13.jar 
java_command: org.gradle.launcher.daemon.bootstrap.GradleDaemon 8.13
java_class_path (initial): C:\Users\Antryx\.gradle\wrapper\dists\gradle-8.13-bin\5xuhj0ry160q40clulazy9h7d\gradle-8.13\lib\gradle-daemon-main-8.13.jar
Launcher Type: SUN_STANDARD

[Global flags]
     intx CICompilerCount                          = 12                                        {product} {ergonomic}
     uint ConcGCThreads                            = 4                                         {product} {ergonomic}
     uint G1ConcRefinementThreads                  = 15                                        {product} {ergonomic}
   size_t G1HeapRegionSize                         = 1048576                                   {product} {ergonomic}
    uintx GCDrainStackTargetSize                   = 64                                        {product} {ergonomic}
   size_t InitialHeapSize                          = 532676608                                 {product} {ergonomic}
   size_t MarkStackSize                            = 4194304                                   {product} {ergonomic}
   size_t MaxHeapSize                              = 2147483648                                {product} {command line}
   size_t MaxNewSize                               = 1287651328                                {product} {ergonomic}
   size_t MinHeapDeltaBytes                        = 1048576                                   {product} {ergonomic}
   size_t MinHeapSize                              = 8388608                                   {product} {ergonomic}
    uintx NonNMethodCodeHeapSize                   = 7602480                                {pd product} {ergonomic}
    uintx NonProfiledCodeHeapSize                  = 122027880                              {pd product} {ergonomic}
    uintx ProfiledCodeHeapSize                     = 122027880                              {pd product} {ergonomic}
    uintx ReservedCodeCacheSize                    = 251658240                              {pd product} {ergonomic}
     bool SegmentedCodeCache                       = true                                      {product} {ergonomic}
   size_t SoftMaxHeapSize                          = 2147483648                             {manageable} {ergonomic}
     bool UseCompressedOops                        = true                           {product lp64_product} {ergonomic}
     bool UseG1GC                                  = true                                      {product} {ergonomic}
     bool UseLargePagesIndividualAllocation        = false                                  {pd product} {ergonomic}

Logging:
Log output configuration:
 #0: stdout all=warning uptime,level,tags foldmultilines=false
 #1: stderr all=off uptime,level,tags foldmultilines=false

Release file:
JAVA_VERSION="21.0.10" 
MODULES="java.base java.compiler java.datatransfer java.xml java.prefs java.desktop java.instrument java.logging java.management java.security.sasl java.naming java.rmi java.management.rmi java.net.http java.scripting java.security.jgss java.transaction.xa java.sql java.sql.rowset java.xml.crypto java.se java.smartcardio jdk.accessibility jdk.internal.jvmstat jdk.attach jdk.charsets jdk.internal.opt jdk.zipfs jdk.compiler jdk.crypto.ec jdk.crypto.cryptoki jdk.dynalink jdk.hotspot.agent jdk.httpserver jdk.internal.ed jdk.internal.le jdk.internal.vm.ci jdk.jartool jdk.javadoc jdk.jcmd jdk.jdeps jdk.jdwp.agent jdk.jdi jdk.jfr jdk.jlink jdk.jsobject jdk.localedata jdk.management jdk.management.agent jdk.management.jfr jdk.naming.dns jdk.naming.rmi jdk.net jdk.sctp jdk.security.auth jdk.security.jgss jdk.unsupported jdk.unsupported.desktop jdk.xml.dom" 
IMPLEMENTOR="JetBrains s.r.o." 
JAVA_RUNTIME_VERSION="21.0.10+-14961533-b1163.108" 
LIBC="default" 
OS_ARCH="x86_64" 
OS_NAME="Windows" 
SOURCE=".:git:1351622c2ff2" 

Environment Variables:
JAVA_HOME=C:\Program Files\BellSoft\LibericaJDK-17-Full\
PATH=C:\Users\Antryx\AppData\Local\Programs\Python\Python313\Scripts\;C:\Users\Antryx\AppData\Local\Programs\Python\Python313\;C:\Program Files\Eclipse Adoptium\jdk-21.0.5.11-hotspot\bin;C:\Program Files\Common Files\Oracle\Java\javapath;C:\Program Files (x86)\Common Files\Oracle\Java\java8path;C:\Program Files (x86)\Common Files\Oracle\Java\javapath;C:\Program Files\BellSoft\LibericaJDK-17-Full\bin\;C:\ProgramData\Oracle\Java\javapath;C:\WINDOWS\system32;C:\WINDOWS;C:\WINDOWS\System32\Wbem;C:\WINDOWS\System32\WindowsPowerShell\v1.0\;C:\WINDOWS\System32\OpenSSH\;C:\Program Files (x86)\NVIDIA Corporation\PhysX\Common;C:\Program Files\dotnet\;C:\Program Files (x86)\Microsoft SQL Server\160\Tools\Binn\;C:\Program Files\Microsoft SQL Server\160\Tools\Binn\;C:\Program Files\Microsoft SQL Server\Client SDK\ODBC\170\Tools\Binn\;C:\Program Files\Microsoft SQL Server\160\DTS\Binn\;C:\Program Files (x86)\Microsoft SQL Server\160\DTS\Binn\;C:\Program Files\NVIDIA Corporation\NVIDIA app\NvDLISR;C:\Program Files\Microsoft SQL Server\150\Tools\Binn\;C:\Program Files\nodejs\;C:\ProgramData\chocolatey\bin;C:\WINDOWS\system32\config\systemprofile\AppData\Local\Muse Hub\lib;C:\Program Files\php\php_8.4.13;C:\Program Files\Git\cmd;C:\Users\Antryx\AppData\Local\Programs\Python\Python313\Scripts\;C:\Users\Antryx\AppData\Local\Programs\Python\Python313\;C:\Program Files\Eclipse Adoptium\jdk-21.0.5.11-hotspot\bin;C:\Program Files\Common Files\Oracle\Java\javapath;C:\Program Files (x86)\Common Files\Oracle\Java\java8path;C:\Program Files (x86)\Common Files\Oracle\Java\javapath;C:\Program Files\BellSoft\LibericaJDK-17-Full\bin\;C:\ProgramData\Oracle\Java\javapath;C:\WINDOWS\system32;C:\WINDOWS;C:\WINDOWS\System32\Wbem;C:\WINDOWS\System32\WindowsPowerShell\v1.0\;C:\WINDOWS\System32\OpenSSH\;C:\Program Files (x86)\NVIDIA Corporation\PhysX\Common;C:\Program Files\dotnet\;C:\Program Files (x86)\Microsoft SQL Server\160\Tools\Binn\;C:\Program Files\Microsoft SQL Server\160\Tools\Binn\;C:\Program Files\Microsoft SQL Server\Client SDK\ODBC\170\Tools\Binn\;C:\Program Files\Microsoft SQL Server\160\DTS\Binn\;C:\Program Files (x86)\Microsoft SQL Server\160\DTS\Binn\;C:\Program Files\NVIDIA Corporation\NVIDIA app\NvDLISR;C:\Program Files\Microsoft SQL;C:\Users\Antryx\AppData\Roaming\npm;C:\Program Files\php\php_8.4.13;C:\Users\Antryx\AppData\Local\Programs\Microsoft VS Code\bin;C:\Users\Antryx\AppData\Local\Muse Hub\lib;C:\Users\Antryx\AppData\Local\Programs\Antigravity IDE\bin
USERNAME=Antryx
OS=Windows_NT
PROCESSOR_IDENTIFIER=Intel64 Family 6 Model 183 Stepping 1, GenuineIntel
TMP=C:\Users\Antryx\AppData\Local\Temp
TEMP=C:\Users\Antryx\AppData\Local\Temp




Periodic native trim disabled

JNI global refs:
JNI global refs: 41, weak refs: 10

JNI global refs memory usage: 835, weak refs: 833

Process memory usage:
Resident Set Size: 909048K (2% of 33265072K total physical memory with 13160444K free physical memory)

OOME stack traces (most recent first):
Classloader memory used:
Loader org.gradle.internal.classloader.VisitableURLClassLoader                         : 68874K
Loader org.gradle.internal.classloader.VisitableURLClassLoader$InstrumentingVisitableURLClassLoader: 58050K
Loader bootstrap                                                                       : 34783K
Loader org.gradle.initialization.MixInLegacyTypesClassLoader                           : 15777K
Loader jdk.internal.loader.ClassLoaders$AppClassLoader                                 : 9580K
Loader java.net.URLClassLoader                                                         : 9325K
Loader org.gradle.internal.classloader.VisitableURLClassLoader                         : 8758K
Loader jdk.internal.loader.ClassLoaders$PlatformClassLoader                            : 1145K
Loader jdk.internal.reflect.DelegatingClassLoader                                      : 1058K
Loader jdk.internal.jrtfs.JrtFileSystemProvider$JrtFsLoader                            : 920K
Loader org.gradle.groovy.scripts.internal.DefaultScriptCompilationHandler$ScriptClassLoader: 316K
Loader org.codehaus.groovy.runtime.callsite.CallSiteClassLoader                        : 77952B
Loader sun.reflect.misc.MethodUtil                                                     : 3024B

Classes loaded by more than one classloader:
Class kotlin.collections.SetsKt___SetsKt                                              : loaded 6 times (x 71B)
Class kotlin.NotImplementedError                                                      : loaded 6 times (x 82B)
Class kotlin.text.StringsKt__StringsKt                                                : loaded 6 times (x 71B)
Class kotlin.ranges.IntProgression                                                    : loaded 6 times (x 81B)
Class kotlin.jvm.KotlinReflectionNotSupportedError                                    : loaded 6 times (x 82B)
Class kotlin.UninitializedPropertyAccessException                                     : loaded 6 times (x 82B)
Class kotlin.collections.CollectionsKt__CollectionsJVMKt                              : loaded 6 times (x 71B)
Class kotlin.Pair                                                                     : loaded 6 times (x 72B)
Class kotlin.collections.CollectionsKt__IteratorsKt                                   : loaded 6 times (x 71B)
Class kotlin.Result                                                                   : loaded 6 times (x 72B)
Class kotlin.collections.MapsKt__MapsJVMKt                                            : loaded 6 times (x 71B)
Class kotlin.collections.CollectionsKt                                                : loaded 6 times (x 71B)
Class kotlin.text.StringsKt                                                           : loaded 6 times (x 71B)
Class kotlin.collections.MapsKt__MapsKt                                               : loaded 6 times (x 71B)
Class kotlin.collections.CollectionsKt__IteratorsJVMKt                                : loaded 6 times (x 71B)
Class kotlin.comparisons.ComparisonsKt___ComparisonsJvmKt                             : loaded 6 times (x 71B)
Class kotlin.text.StringsKt__StringNumberConversionsKt                                : loaded 6 times (x 71B)
Class kotlin.reflect.KCallable                                                        : loaded 6 times (x 70B)
Class kotlin.reflect.KFunction                                                        : loaded 6 times (x 70B)
Class kotlin.jvm.internal.FunctionBase                                                : loaded 6 times (x 70B)
Class kotlin.jvm.internal.FunctionReference                                           : loaded 6 times (x 122B)
Class kotlin.enums.EnumEntriesList                                                    : loaded 6 times (x 223B)
Class kotlin.jvm.internal.CallableReference                                           : loaded 6 times (x 106B)
Class kotlin.ranges.IntRange                                                          : loaded 6 times (x 93B)
Class kotlin.text.Regex$Companion                                                     : loaded 6 times (x 71B)
Class kotlin.collections.CollectionsKt__ReversedViewsKt                               : loaded 6 times (x 71B)
Class kotlin.enums.EnumEntries                                                        : loaded 6 times (x 70B)
Class kotlin.text.StringsKt__IndentKt                                                 : loaded 6 times (x 71B)
Class kotlin.collections.SetsKt                                                       : loaded 6 times (x 71B)
Class kotlin.jvm.internal.DefaultConstructorMarker                                    : loaded 6 times (x 71B)
Class kotlin.collections.CollectionsKt__CollectionsKt                                 : loaded 6 times (x 71B)
Class kotlin.collections.ArraysKt___ArraysJvmKt                                       : loaded 6 times (x 71B)
Class kotlin.jvm.internal.markers.KMappedMarker                                       : loaded 6 times (x 70B)
Class kotlin.text.StringsKt__RegexExtensionsJVMKt                                     : loaded 6 times (x 71B)
Class kotlin.text.StringsKt__StringsJVMKt                                             : loaded 6 times (x 71B)
Class kotlin.text.StringsKt__RegexExtensionsKt                                        : loaded 6 times (x 71B)
Class kotlin.collections.AbstractList                                                 : loaded 6 times (x 197B)
Class kotlin.text.CharsKt                                                             : loaded 6 times (x 71B)
Class kotlin.collections.AbstractCollection                                           : loaded 6 times (x 117B)
Class kotlin.text.Regex                                                               : loaded 6 times (x 72B)
Class kotlin.text.StringsKt__StringBuilderJVMKt                                       : loaded 6 times (x 71B)
Class kotlin.ranges.ClosedRange                                                       : loaded 6 times (x 70B)
Class kotlin.NoWhenBranchMatchedException                                             : loaded 6 times (x 82B)
Class kotlin.comparisons.ComparisonsKt__ComparisonsKt                                 : loaded 6 times (x 71B)
Class kotlin.ranges.RangesKt__RangesKt                                                : loaded 6 times (x 71B)
Class kotlin.Result$Companion                                                         : loaded 6 times (x 71B)
Class kotlin.comparisons.ComparisonsKt                                                : loaded 6 times (x 71B)
Class kotlin.comparisons.ComparisonsKt___ComparisonsKt                                : loaded 6 times (x 71B)
Class kotlin.text.CharsKt__CharJVMKt                                                  : loaded 6 times (x 71B)
Class kotlin.collections.CollectionsKt___CollectionsJvmKt                             : loaded 6 times (x 71B)
Class kotlin.TuplesKt                                                                 : loaded 6 times (x 71B)
Class kotlin.text.StringsKt__StringBuilderKt                                          : loaded 6 times (x 71B)
Class kotlin.ranges.RangesKt                                                          : loaded 6 times (x 71B)
Class kotlin.jvm.internal.CallableReference$NoReceiver                                : loaded 6 times (x 71B)
Class kotlin.collections.ArraysUtilJVM                                                : loaded 6 times (x 71B)
Class kotlin.Result$Failure                                                           : loaded 6 times (x 72B)
Class kotlin.collections.ArraysKt__ArraysKt                                           : loaded 6 times (x 71B)
Class kotlin.jvm.functions.Function0                                                  : loaded 6 times (x 70B)
Class kotlin.jvm.functions.Function1                                                  : loaded 6 times (x 70B)
Class kotlin.jvm.functions.Function2                                                  : loaded 6 times (x 70B)
Class kotlin.text.StringsKt__StringNumberConversionsJVMKt                             : loaded 6 times (x 71B)
Class kotlin.ranges.IntProgression$Companion                                          : loaded 6 times (x 71B)
Class kotlin.collections.SetsKt__SetsJVMKt                                            : loaded 6 times (x 71B)
Class kotlin.collections.ArraysKt__ArraysJVMKt                                        : loaded 6 times (x 71B)
Class kotlin.collections.CollectionsKt__MutableCollectionsKt                          : loaded 6 times (x 71B)
Class kotlin.collections.MapsKt___MapsJvmKt                                           : loaded 6 times (x 71B)
Class kotlin.jvm.functions.Function4                                                  : loaded 6 times (x 70B)
Class kotlin.collections.CollectionsKt___CollectionsKt                                : loaded 6 times (x 71B)
Class kotlin.reflect.KDeclarationContainer                                            : loaded 6 times (x 70B)
Class kotlin.text.StringsKt___StringsJvmKt                                            : loaded 6 times (x 71B)
Class kotlin.collections.ArraysKt___ArraysKt                                          : loaded 6 times (x 71B)
Class kotlin.collections.SetsKt__SetsKt                                               : loaded 6 times (x 71B)
Class kotlin.collections.MapsKt___MapsKt                                              : loaded 6 times (x 71B)
Class kotlin.collections.ArraysKt                                                     : loaded 6 times (x 71B)
Class kotlin.text.StringsKt__AppendableKt                                             : loaded 6 times (x 71B)
Class kotlin.collections.MapsKt__MapWithDefaultKt                                     : loaded 6 times (x 71B)
Class kotlin.enums.EnumEntriesKt                                                      : loaded 6 times (x 71B)
Class kotlin.text.StringsKt___StringsKt                                               : loaded 6 times (x 71B)
Class kotlin.collections.CollectionsKt__MutableCollectionsJVMKt                       : loaded 6 times (x 71B)
Class kotlin.text.CharsKt__CharKt                                                     : loaded 6 times (x 71B)
Class kotlin.internal.ProgressionUtilKt                                               : loaded 6 times (x 71B)
Class kotlin.collections.AbstractList$Companion                                       : loaded 6 times (x 71B)
Class kotlin.reflect.KAnnotatedElement                                                : loaded 6 times (x 70B)
Class kotlin.ranges.IntRange$Companion                                                : loaded 6 times (x 71B)
Class kotlin.Function                                                                 : loaded 6 times (x 70B)
Class kotlin.jvm.internal.Intrinsics                                                  : loaded 6 times (x 71B)
Class kotlin.ranges.RangesKt___RangesKt                                               : loaded 6 times (x 71B)
Class kotlin.collections.MapsKt                                                       : loaded 6 times (x 71B)
Class kotlin.collections.CollectionsKt__IterablesKt                                   : loaded 6 times (x 71B)
Class kotlin.ranges.OpenEndRange                                                      : loaded 6 times (x 70B)
Class kotlin.KotlinNullPointerException                                               : loaded 6 times (x 83B)
Class kotlin.jvm.functions.Function14                                                 : loaded 5 times (x 70B)
Class kotlin.jvm.functions.Function13                                                 : loaded 5 times (x 70B)
Class kotlin.reflect.jvm.internal.impl.name.FqName                                    : loaded 5 times (x 72B)
Class [Lkotlin.reflect.KClass;                                                        : loaded 5 times (x 69B)
Class kotlin.reflect.KProperty2                                                       : loaded 5 times (x 70B)
Class kotlin.reflect.KProperty$Getter                                                 : loaded 5 times (x 70B)
Class com.google.common.collect.Iterators$4                                           : loaded 5 times (x 82B)
Class kotlin.SafePublicationLazyImpl                                                  : loaded 5 times (x 76B)
Class kotlin.reflect.jvm.internal.ReflectProperties                                   : loaded 5 times (x 71B)
Class com.google.common.collect.Iterators$5                                           : loaded 5 times (x 82B)
Class kotlin.jvm.functions.Function12                                                 : loaded 5 times (x 70B)
Class kotlin.reflect.jvm.internal.KDeclarationContainerImpl                           : loaded 5 times (x 84B)
Class com.google.common.collect.ImmutableCollection                                   : loaded 5 times (x 125B)
Class kotlin.reflect.jvm.internal.impl.builtins.StandardNames$FqNames                 : loaded 5 times (x 71B)
Class com.google.common.base.Preconditions                                            : loaded 5 times (x 71B)
Class kotlin.reflect.KProperty1                                                       : loaded 5 times (x 70B)
Class kotlin.jvm.functions.Function11                                                 : loaded 5 times (x 70B)
Class kotlin.reflect.jvm.internal.KClassifierImpl                                     : loaded 5 times (x 70B)
Class kotlin.reflect.KMutableProperty                                                 : loaded 5 times (x 70B)
Class kotlin.reflect.KClass                                                           : loaded 5 times (x 70B)
Class kotlin.reflect.jvm.internal.EmptyContainerForLocal                              : loaded 5 times (x 84B)
Class com.intellij.gradle.toolingExtension.util.GradleVersionUtil                     : loaded 5 times (x 71B)
Class kotlin.comparisons.NaturalOrderComparator                                       : loaded 5 times (x 88B)
Class [Lkotlin.reflect.KClassifier;                                                   : loaded 5 times (x 69B)
Class [Lkotlin.LazyThreadSafetyMode;                                                  : loaded 5 times (x 69B)
Class com.google.common.collect.Lists                                                 : loaded 5 times (x 71B)
Class kotlin.jvm.functions.Function9                                                  : loaded 5 times (x 70B)
Class kotlin.jvm.functions.Function10                                                 : loaded 5 times (x 70B)
Class [Lkotlin.reflect.jvm.internal.impl.name.ClassId;                                : loaded 5 times (x 69B)
Class kotlin.jvm.functions.Function15                                                 : loaded 5 times (x 70B)
Class kotlin.reflect.jvm.internal.impl.name.SpecialNames                              : loaded 5 times (x 71B)
Class kotlin.reflect.jvm.internal.RuntimeTypeMapper                                   : loaded 5 times (x 71B)
Class com.google.common.collect.Iterators$1                                           : loaded 5 times (x 81B)
Class com.google.common.collect.Iterators$9                                           : loaded 5 times (x 81B)
Class kotlin.reflect.jvm.internal.KProperty1Impl                                      : loaded 5 times (x 128B)
Class kotlin.reflect.KProperty0                                                       : loaded 5 times (x 70B)
Class com.google.common.collect.Iterators$MergingIterator                             : loaded 5 times (x 81B)
Class kotlin.reflect.jvm.internal.impl.name.FqNameUnsafe                              : loaded 5 times (x 72B)
Class kotlin.jvm.functions.Function8                                                  : loaded 5 times (x 70B)
Class kotlin.jvm.internal.PropertyReference                                           : loaded 5 times (x 115B)
Class com.google.common.collect.UnmodifiableIterator                                  : loaded 5 times (x 80B)
Class kotlin.reflect.jvm.internal.KPropertyImpl$Companion                             : loaded 5 times (x 71B)
Class kotlin.reflect.jvm.internal.impl.name.Name                                      : loaded 5 times (x 75B)
Class kotlin.jvm.functions.Function7                                                  : loaded 5 times (x 70B)
Class kotlin.reflect.jvm.internal.impl.name.FqNameUnsafe$1                            : loaded 5 times (x 74B)
Class kotlin.jvm.internal.Lambda                                                      : loaded 5 times (x 75B)
Class com.google.common.collect.UnmodifiableListIterator                              : loaded 5 times (x 95B)
Class com.google.common.collect.PeekingIterator                                       : loaded 5 times (x 70B)
Class kotlin.jvm.functions.Function16                                                 : loaded 5 times (x 70B)
Class kotlin.reflect.jvm.internal.KTypeParameterOwnerImpl                             : loaded 5 times (x 70B)
Class kotlin.reflect.KMutableProperty2                                                : loaded 5 times (x 70B)
Class kotlin.jvm.functions.Function6                                                  : loaded 5 times (x 70B)
Class [Lkotlin.reflect.KDeclarationContainer;                                         : loaded 5 times (x 69B)
Class kotlin.LazyKt__LazyJVMKt                                                        : loaded 5 times (x 71B)
Class com.google.common.collect.Lists$StringAsImmutableList                           : loaded 5 times (x 207B)
Class kotlin.reflect.jvm.internal.CacheByClassKt                                      : loaded 5 times (x 71B)
Class kotlin.reflect.jvm.internal.ReflectionFactoryImpl                               : loaded 5 times (x 91B)
Class kotlin.reflect.jvm.internal.KCallableImpl                                       : loaded 5 times (x 105B)
Class kotlin.reflect.KProperty$Accessor                                               : loaded 5 times (x 70B)
Class [Lkotlin.reflect.KCallable;                                                     : loaded 5 times (x 69B)
Class kotlin.reflect.jvm.internal.impl.name.StandardClassIdsKt                        : loaded 5 times (x 71B)
Class kotlin.jvm.functions.Function5                                                  : loaded 5 times (x 70B)
Class kotlin.reflect.jvm.internal.impl.name.FqNamesUtilKt                             : loaded 5 times (x 71B)
Class kotlin.reflect.KMutableProperty1                                                : loaded 5 times (x 70B)
Class kotlin.LazyKt                                                                   : loaded 5 times (x 71B)
Class kotlin.reflect.jvm.internal.impl.utils.CollectionsKt                            : loaded 5 times (x 71B)
Class kotlin.reflect.jvm.internal.CacheByClass                                        : loaded 5 times (x 73B)
Class kotlin.reflect.jvm.internal.KClassImpl$Data                                     : loaded 5 times (x 72B)
Class kotlin.reflect.jvm.internal.impl.builtins.PrimitiveType                         : loaded 5 times (x 79B)
Class kotlin.reflect.jvm.internal.KotlinReflectionInternalError                       : loaded 5 times (x 82B)
Class kotlin.reflect.jvm.internal.impl.builtins.PrimitiveType$Companion               : loaded 5 times (x 71B)
Class kotlin.reflect.KClassifier                                                      : loaded 5 times (x 70B)
Class [Lkotlin.reflect.jvm.internal.impl.builtins.PrimitiveType;                      : loaded 5 times (x 69B)
Class kotlin.reflect.jvm.internal.impl.builtins.jvm.JavaToKotlinClassMap              : loaded 5 times (x 71B)
Class kotlin.jvm.functions.Function17                                                 : loaded 5 times (x 70B)
Class kotlin.reflect.KMutableProperty0                                                : loaded 5 times (x 70B)
Class kotlin.jvm.functions.Function3                                                  : loaded 5 times (x 70B)
Class kotlin.reflect.jvm.internal.impl.builtins.CompanionObjectMapping                : loaded 5 times (x 71B)
Class kotlin.reflect.jvm.internal.impl.builtins.jvm.JavaToKotlinClassMap$PlatformMutabilityMapping: loaded 5 times (x 72B)
Class kotlin.jvm.internal.MutablePropertyReference2                                   : loaded 5 times (x 137B)
Class kotlin.reflect.jvm.internal.impl.name.StandardClassIds                          : loaded 5 times (x 71B)
Class kotlin.reflect.jvm.internal.impl.builtins.StandardNames                         : loaded 5 times (x 71B)
Class com.google.common.collect.Iterators$ArrayItr                                    : loaded 5 times (x 97B)
Class kotlin.reflect.jvm.internal.ReflectProperties$Val                               : loaded 5 times (x 74B)
Class [Lkotlin.reflect.jvm.internal.impl.name.FqName;                                 : loaded 5 times (x 69B)
Class Program                                                                         : loaded 5 times (x 72B)
Class kotlin.reflect.jvm.internal.impl.descriptors.runtime.structure.ReflectClassUtilKt: loaded 5 times (x 71B)
Class kotlin.reflect.jvm.internal.ReflectProperties$LazySoftVal                       : loaded 5 times (x 78B)
Class [Lkotlin.reflect.KAnnotatedElement;                                             : loaded 5 times (x 69B)
Class kotlin.jvm.internal.MutablePropertyReference0                                   : loaded 5 times (x 137B)
Class kotlin._Assertions                                                              : loaded 5 times (x 71B)
Class kotlin.jvm.functions.Function18                                                 : loaded 5 times (x 70B)
Class kotlin.reflect.jvm.internal.KClassImpl                                          : loaded 5 times (x 115B)
Class kotlin.reflect.jvm.internal.CachesKt                                            : loaded 5 times (x 71B)
Class kotlin.jvm.JvmClassMappingKt                                                    : loaded 5 times (x 71B)
Class com.google.common.collect.ImmutableList                                         : loaded 5 times (x 206B)
Class kotlin.reflect.jvm.internal.KDeclarationContainerImpl$Companion                 : loaded 5 times (x 71B)
Class kotlin.reflect.jvm.internal.ReflectProperties$Val$1                             : loaded 5 times (x 71B)
Class kotlin.reflect.jvm.internal.KPropertyImpl                                       : loaded 5 times (x 115B)
Class kotlin.reflect.KProperty                                                        : loaded 5 times (x 70B)
Class kotlin.jvm.internal.PropertyReference0                                          : loaded 5 times (x 127B)
Class kotlin.reflect.full.IllegalCallableAccessException                              : loaded 5 times (x 82B)
Class kotlin.jvm.functions.Function20                                                 : loaded 5 times (x 70B)
Class kotlin.reflect.KType                                                            : loaded 5 times (x 70B)
Class com.google.common.collect.AbstractIndexedListIterator                           : loaded 5 times (x 96B)
Class kotlin.reflect.jvm.internal.ClassValueCache                                     : loaded 5 times (x 74B)
Class kotlin.jvm.functions.Function19                                                 : loaded 5 times (x 70B)
Class kotlin.jvm.internal.PropertyReference1                                          : loaded 5 times (x 127B)
Class kotlin.jvm.internal.Reflection                                                  : loaded 5 times (x 71B)
Class kotlin.LazyKt__LazyJVMKt$WhenMappings                                           : loaded 5 times (x 71B)
Class kotlin.jvm.internal.PropertyReference2                                          : loaded 5 times (x 127B)
Class kotlin.Lazy                                                                     : loaded 5 times (x 70B)
Class kotlin.jvm.internal.ClassBasedDeclarationContainer                              : loaded 5 times (x 70B)
Class kotlin.jvm.internal.MutablePropertyReference1                                   : loaded 5 times (x 137B)
Class kotlin.jvm.internal.MutablePropertyReference                                    : loaded 5 times (x 119B)
Class kotlin.jvm.functions.Function21                                                 : loaded 5 times (x 70B)
Class kotlin.reflect.jvm.internal.impl.name.ClassId                                   : loaded 5 times (x 72B)
Class [Lkotlin.reflect.jvm.internal.impl.resolve.jvm.JvmPrimitiveType;                : loaded 5 times (x 69B)
Class kotlin.UNINITIALIZED_VALUE                                                      : loaded 5 times (x 71B)
Class kotlin.jvm.internal.ReflectionFactory                                           : loaded 5 times (x 91B)
Class kotlin.reflect.jvm.internal.impl.resolve.jvm.JvmPrimitiveType                   : loaded 5 times (x 79B)
Class [Lkotlin.reflect.jvm.internal.impl.builtins.jvm.JavaToKotlinClassMap$PlatformMutabilityMapping;: loaded 5 times (x 69B)
Class kotlin.LazyKt__LazyKt                                                           : loaded 5 times (x 71B)
Class kotlin.jvm.internal.PropertyReference1Impl                                      : loaded 5 times (x 127B)
Class kotlin.SafePublicationLazyImpl$Companion                                        : loaded 5 times (x 71B)
Class kotlin.reflect.KTypeParameter                                                   : loaded 5 times (x 70B)
Class com.google.common.collect.AbstractIterator                                      : loaded 5 times (x 82B)
Class kotlin.jvm.functions.Function22                                                 : loaded 5 times (x 70B)
Class [Lkotlin.reflect.KProperty;                                                     : loaded 5 times (x 69B)
Class kotlin.LazyThreadSafetyMode                                                     : loaded 5 times (x 79B)
Class kotlin.reflect.full.IllegalPropertyDelegateAccessException                      : loaded 5 times (x 82B)
Class com.google.common.collect.Iterators                                             : loaded 5 times (x 71B)
Class kotlin.SynchronizedLazyImpl                                                     : loaded 5 times (x 76B)
Class kotlin.reflect.jvm.internal.ComputableClassValue                                : loaded 5 times (x 80B)
Class kotlin.reflect.jvm.internal.KDeclarationContainerImpl$Data                      : loaded 5 times (x 72B)
Class androidx.room.DatabaseProcessingStep$Companion                                  : loaded 4 times (x 71B)
Class jdk.internal.jimage.ImageReader$Directory                                       : loaded 4 times (x 84B)
Class kotlin.reflect.jvm.internal.KCallableImpl$_parameters$1                         : loaded 4 times (x 79B)
Class kotlin.reflect.jvm.internal.impl.builtins.functions.FunctionClassKind           : loaded 4 times (x 80B)
Class kotlin.reflect.jvm.internal.KClassImpl$Data$constructors$2                      : loaded 4 times (x 79B)
Class kotlin.reflect.jvm.internal.KClassImpl$Data$descriptor$2                        : loaded 4 times (x 79B)
Class kotlin.reflect.jvm.internal.CachesKt$K_PACKAGE_CACHE$1                          : loaded 4 times (x 78B)
Class kotlin.reflect.jvm.internal.CachesKt$CACHE_FOR_BASE_CLASSIFIERS$1               : loaded 4 times (x 78B)
Class androidx.room.compiler.processing.javac.JavacProcessingEnv$Companion            : loaded 4 times (x 71B)
Class androidx.room.compiler.processing.XProcessingEnv                                : loaded 4 times (x 70B)
Class kotlin.reflect.jvm.internal.KClassImpl$Data$declaredNonStaticMembers$2          : loaded 4 times (x 79B)
Class jdk.internal.jimage.ImageBufferCache$2                                          : loaded 4 times (x 91B)
Class androidx.room.processor.Context$BooleanProcessorOptions                         : loaded 4 times (x 80B)
Class androidx.room.compiler.processing.XProcessingStep                               : loaded 4 times (x 70B)
Class jdk.internal.jimage.ImageReader$SharedImageReader$LocationVisitor               : loaded 4 times (x 70B)
Class kotlin.reflect.jvm.internal.KClassImpl$Data$allStaticMembers$2                  : loaded 4 times (x 79B)
Class [Landroidx.room.compiler.processing.XProcessingEnv$Backend;                     : loaded 4 times (x 69B)
Class androidx.room.compiler.processing.XBasicAnnotationProcessor                     : loaded 4 times (x 70B)
Class androidx.room.processor.Context                                                 : loaded 4 times (x 72B)
Class jdk.internal.jrtfs.SystemImage                                                  : loaded 4 times (x 74B)
Class kotlin.reflect.jvm.internal.KClassImpl$Data$inheritedStaticMembers$2            : loaded 4 times (x 79B)
Class jdk.internal.jrtfs.JrtPath                                                      : loaded 4 times (x 118B)
Class jdk.internal.jimage.ImageBufferCache                                            : loaded 4 times (x 71B)
Class androidx.room.util.SimpleJavaVersion$compareTo$$inlined$compareBy$1             : loaded 4 times (x 89B)
Class kotlin.reflect.jvm.internal.KCallableImpl$_returnType$1                         : loaded 4 times (x 79B)
Class androidx.room.compiler.processing.javac.JavacBasicAnnotationProcessor$xEnv$2    : loaded 4 times (x 79B)
Class jdk.internal.jimage.ImageReader$LinkNode                                        : loaded 4 times (x 84B)
Class jdk.internal.jrtfs.JrtDirectoryStream                                           : loaded 4 times (x 89B)
Class androidx.room.compiler.processing.javac.JavacBasicAnnotationProcessor$commonDelegate$2: loaded 4 times (x 79B)
Class kotlin.reflect.jvm.internal.KClassImpl$Data$declaredMembers$2                   : loaded 4 times (x 79B)
Class kotlin.reflect.jvm.internal.KCallableImpl$_annotations$1                        : loaded 4 times (x 79B)
Class kotlin.reflect.jvm.internal.impl.builtins.PrimitiveType$typeFqName$2            : loaded 4 times (x 79B)
Class kotlin.reflect.jvm.internal.KClassImpl$Data$annotations$2                       : loaded 4 times (x 79B)
Class androidx.room.compiler.processing.javac.JavacBasicAnnotationProcessor$steps$2   : loaded 4 times (x 79B)
Class kotlin.reflect.jvm.internal.KClassImpl$Data$inheritedNonStaticMembers$2         : loaded 4 times (x 79B)
Class kotlin.reflect.jvm.internal.CachesKt$CACHE_FOR_GENERIC_CLASSIFIERS$1            : loaded 4 times (x 78B)
Class kotlin.reflect.jvm.internal.KCallableImpl$_typeParameters$1                     : loaded 4 times (x 79B)
Class [Landroidx.room.processor.Context$ProcessorOptions;                             : loaded 4 times (x 69B)
Class jdk.internal.jrtfs.SystemImage$1                                                : loaded 4 times (x 78B)
Class androidx.room.Database                                                          : loaded 4 times (x 70B)
Class androidx.room.RoomProcessor$1                                                   : loaded 4 times (x 78B)
Class kotlin.reflect.jvm.internal.KPropertyImpl$_javaField$1                          : loaded 4 times (x 79B)
Class kotlin.reflect.jvm.internal.impl.builtins.PrimitiveType$arrayTypeFqName$2       : loaded 4 times (x 79B)
Class kotlin.reflect.jvm.internal.KClassImpl$data$1                                   : loaded 4 times (x 79B)
Class kotlin.reflect.jvm.internal.KProperty1Impl$_getter$1                            : loaded 4 times (x 79B)
Class jdk.internal.jimage.ImageLocation                                               : loaded 4 times (x 90B)
Class jdk.internal.jimage.BasicImageReader                                            : loaded 4 times (x 95B)
Class kotlin.reflect.jvm.internal.KClassImpl$Data$typeParameters$2                    : loaded 4 times (x 79B)
Class jdk.internal.jimage.ImageBufferCache$1                                          : loaded 4 times (x 83B)
Class kotlin.reflect.jvm.internal.ReflectProperties$LazyVal                           : loaded 4 times (x 75B)
Class [Landroidx.room.processor.Context$BooleanProcessorOptions;                      : loaded 4 times (x 69B)
Class kotlin.reflect.jvm.internal.KClassImpl$Data$declaredStaticMembers$2             : loaded 4 times (x 79B)
Class kotlin.reflect.jvm.internal.KProperty1Impl$delegateSource$1                     : loaded 4 times (x 79B)
Class jdk.internal.jrtfs.JrtFileAttributes                                            : loaded 4 times (x 83B)
Class androidx.room.RoomProcessor                                                     : loaded 4 times (x 98B)
Class jdk.internal.jrtfs.SystemImage$2                                                : loaded 4 times (x 76B)
Class jdk.internal.jrtfs.JrtDirectoryStream$1                                         : loaded 4 times (x 83B)
Class jdk.internal.jimage.ImageReader$Resource                                        : loaded 4 times (x 84B)
Class jdk.internal.jimage.ImageStrings                                                : loaded 4 times (x 70B)
Class androidx.room.compiler.processing.javac.JavacProcessingEnv$messager$2           : loaded 4 times (x 79B)
Class androidx.room.compiler.processing.javac.JavacProcessingEnv$typeElementStore$3   : loaded 4 times (x 79B)
Class androidx.room.processor.Context$Companion                                       : loaded 4 times (x 71B)
Class jdk.internal.jimage.decompressor.Decompressor                                   : loaded 4 times (x 72B)
Class androidx.room.compiler.processing.XFiler                                        : loaded 4 times (x 70B)
Class kotlin.reflect.jvm.internal.CachesKt$CACHE_FOR_NULLABLE_BASE_CLASSIFIERS$1      : loaded 4 times (x 78B)
Class kotlin.reflect.jvm.internal.KClassImpl$Data$nestedClasses$2                     : loaded 4 times (x 79B)
Class kotlin.reflect.jvm.internal.KPropertyImpl$_descriptor$1                         : loaded 4 times (x 79B)
Class kotlin.reflect.jvm.internal.CachesKt$K_CLASS_CACHE$1                            : loaded 4 times (x 78B)
Class androidx.room.compiler.processing.javac.JavacBasicAnnotationProcessor           : loaded 4 times (x 98B)
Class androidx.room.compiler.processing.javac.JavacFiler                              : loaded 4 times (x 78B)
Class kotlin.reflect.jvm.internal.KClassImpl$Data$allMembers$2                        : loaded 4 times (x 79B)
Class androidx.room.util.SimpleJavaVersion$compareTo$$inlined$thenBy$1                : loaded 4 times (x 90B)
Class androidx.room.compiler.processing.javac.XTypeElementStore                       : loaded 4 times (x 72B)
Class androidx.room.processor.Context$ProcessorOptions                                : loaded 4 times (x 79B)
Class kotlin.reflect.jvm.internal.KClassImpl$Data$objectInstance$2                    : loaded 4 times (x 79B)
Class jdk.internal.jimage.ImageStringsReader                                          : loaded 4 times (x 80B)
Class androidx.room.compiler.processing.XProcessingEnv$Backend                        : loaded 4 times (x 79B)
Class jdk.internal.jimage.ImageHeader                                                 : loaded 4 times (x 71B)
Class androidx.room.util.SimpleJavaVersion                                            : loaded 4 times (x 75B)
Class androidx.room.compiler.processing.javac.JavacProcessingEnv$typeElementStore$2   : loaded 4 times (x 78B)
Class kotlin.reflect.jvm.internal.KClassImpl$Data$allNonStaticMembers$2               : loaded 4 times (x 79B)
Class jdk.internal.jimage.BasicImageReader$1                                          : loaded 4 times (x 77B)
Class [Lkotlin.reflect.jvm.internal.impl.builtins.functions.FunctionClassKind;        : loaded 4 times (x 69B)
Class jdk.internal.jrtfs.JrtFileSystemProvider                                        : loaded 4 times (x 101B)
Class kotlin.reflect.jvm.internal.KDeclarationContainerImpl$Data$moduleData$2         : loaded 4 times (x 79B)
Class com.google.common.collect.Iterators$SingletonIterator                           : loaded 4 times (x 81B)
Class kotlin.reflect.jvm.internal.KCallableImpl$_absentArguments$1                    : loaded 4 times (x 79B)
Class androidx.room.processor.Context$Companion$ARG_OPTIONS$2                         : loaded 4 times (x 78B)
Class kotlin.reflect.jvm.internal.KClassImpl$Data$sealedSubclasses$2                  : loaded 4 times (x 79B)
Class androidx.room.compiler.processing.XProcessingEnvConfig$Builder                  : loaded 4 times (x 72B)
Class androidx.room.compiler.processing.XProcessingEnv$Companion                      : loaded 4 times (x 71B)
Class jdk.internal.jimage.ImageReader$Node                                            : loaded 4 times (x 84B)
Class kotlin.reflect.jvm.internal.impl.builtins.functions.FunctionClassKind$Companion : loaded 4 times (x 71B)
Class jdk.internal.jrtfs.JrtFileSystem                                                : loaded 4 times (x 102B)
Class androidx.room.util.SimpleJavaVersion$Companion                                  : loaded 4 times (x 71B)
Class jdk.internal.jimage.ImageReader                                                 : loaded 4 times (x 75B)
Class androidx.room.compiler.processing.XProcessingEnvConfig$Companion                : loaded 4 times (x 71B)
Class androidx.room.compiler.processing.XProcessingEnvConfig                          : loaded 4 times (x 71B)
Class androidx.room.DatabaseProcessingStep                                            : loaded 4 times (x 79B)
Class jdk.internal.jimage.ImageReader$SharedImageReader                               : loaded 4 times (x 95B)
Class androidx.room.compiler.processing.javac.JavacProcessingEnv$typeElementStore$1   : loaded 4 times (x 79B)
Class kotlin.reflect.jvm.internal.KClassImpl$Data$supertypes$2                        : loaded 4 times (x 79B)
Class kotlin.reflect.jvm.internal.KClassImpl$Data$qualifiedName$2                     : loaded 4 times (x 79B)
Class androidx.room.util.SimpleJavaVersion$compareTo$$inlined$thenBy$2                : loaded 4 times (x 90B)
Class kotlin.reflect.jvm.internal.KClassImpl$Data$simpleName$2                        : loaded 4 times (x 79B)
Class androidx.room.compiler.processing.javac.JavacProcessingEnv                      : loaded 4 times (x 115B)
Class com.google.common.collect.SortedIterable                                        : loaded 3 times (x 70B)
Class com.google.common.collect.SingletonImmutableSet                                 : loaded 3 times (x 146B)
Class com.google.common.base.CharMatcher$ForPredicate                                 : loaded 3 times (x 113B)
Class com.google.common.base.CharMatcher$AnyOf                                        : loaded 3 times (x 113B)
Class com.google.common.collect.ImmutableSet$CachingAsList                            : loaded 3 times (x 148B)
Class jdk.internal.jimage.BasicImageReader$2                                          : loaded 3 times (x 77B)
Class com.google.common.collect.ImmutableList$Builder                                 : loaded 3 times (x 77B)
Class ijJvmDebugger1_ck55pu4ufcq4hab1lqavf2pjx                                        : loaded 3 times (x 179B)
Class com.google.common.base.Joiner                                                   : loaded 3 times (x 80B)
Class com.google.common.collect.ImmutableAsList                                       : loaded 3 times (x 209B)
Class com.google.common.collect.Lists$ReverseList                                     : loaded 3 times (x 200B)
Class com.google.common.collect.ImmutableSortedSet                                    : loaded 3 times (x 300B)
Class ijKotlinCoroutineJvmDebugInit1_3wc4m7miphr4x072p4gqjudu0$_run_closure1$_closure2: loaded 3 times (x 139B)
Class com.google.common.collect.ImmutableRangeSet$AsSet                               : loaded 3 times (x 300B)
Class com.google.common.collect.ImmutableCollection$Builder                           : loaded 3 times (x 76B)
Class com.google.common.collect.ImmutableList$ReverseImmutableList                    : loaded 3 times (x 209B)
Class ijKotlinCoroutineJvmDebugInit1_3wc4m7miphr4x072p4gqjudu0                        : loaded 3 times (x 179B)
Class com.google.common.base.CharMatcher$IsNot                                        : loaded 3 times (x 112B)
Class com.google.common.collect.RegularImmutableSortedSet                             : loaded 3 times (x 300B)
Class com.google.common.collect.SingletonImmutableList                                : loaded 3 times (x 207B)
Class com.google.common.base.Function                                                 : loaded 3 times (x 70B)
Class com.google.common.collect.RegularImmutableList                                  : loaded 3 times (x 213B)
Class com.google.common.collect.NullnessCasts                                         : loaded 3 times (x 71B)
Class com.google.common.collect.RegularImmutableAsList                                : loaded 3 times (x 217B)
Class com.google.common.collect.ImmutableRangeSet$1                                   : loaded 3 times (x 210B)
Class com.google.common.base.ExtraObjectsMethodsForWeb                                : loaded 3 times (x 71B)
Class jdk.internal.jrtfs.JrtFileStore                                                 : loaded 3 times (x 83B)
Class com.intellij.gradle.toolingExtension.impl.model.utilDummyModel.DummyModel       : loaded 3 times (x 70B)
Class Build_gradle$1                                                                  : loaded 3 times (x 74B)
Class ijInit1_7hjcij8z2ine7woujyf9e3gmt                                               : loaded 3 times (x 179B)
Class ijKotlinCoroutineJvmDebugInit1_3wc4m7miphr4x072p4gqjudu0$_run_closure1          : loaded 3 times (x 139B)
Class com.google.common.collect.Lists$ReverseList$1                                   : loaded 3 times (x 99B)
Class com.google.common.collect.ImmutableRangeSet$Builder                             : loaded 3 times (x 77B)
Class com.google.common.collect.Multimap                                              : loaded 3 times (x 70B)
Class org.jetbrains.plugins.gradle.model.ClasspathEntryModel                          : loaded 3 times (x 70B)
Class org.jetbrains.plugins.gradle.model.GradleBuildScriptClasspathModel              : loaded 3 times (x 70B)
Class com.google.common.base.CharMatcher$BitSetMatcher                                : loaded 3 times (x 113B)
Class com.google.common.collect.ImmutableSet                                          : loaded 3 times (x 145B)
Class com.google.common.base.CharMatcher$Or                                           : loaded 3 times (x 113B)
Class org.gradle.internal.Cast                                                        : loaded 3 times (x 71B)
Class com.google.common.collect.Range                                                 : loaded 3 times (x 86B)
Class org.gradle.api.Action                                                           : loaded 3 times (x 70B)
Class com.google.common.base.CharMatcher$FastMatcher                                  : loaded 3 times (x 112B)
Class com.google.common.base.Predicate                                                : loaded 3 times (x 70B)
Class com.google.common.base.CharMatcher$NegatedFastMatcher                           : loaded 3 times (x 114B)
Class com.google.common.collect.AbstractRangeSet                                      : loaded 3 times (x 114B)
Class org.gradle.api.GradleException                                                  : loaded 3 times (x 82B)
Class gnu.trove.Equality                                                              : loaded 3 times (x 70B)
Class org.jetbrains.plugins.gradle.tooling.ModelBuilderService$Parameter              : loaded 3 times (x 70B)
Class com.google.common.collect.ImmutableRangeSet                                     : loaded 3 times (x 115B)
Class gnu.trove.TObjectHashingStrategy                                                : loaded 3 times (x 70B)
Class jdk.internal.jrtfs.ExplodedImage                                                : loaded 3 times (x 77B)
Class org.gradle.internal.IoActions                                                   : loaded 3 times (x 71B)
Class com.google.common.collect.ImmutableSet$RegularSetBuilderImpl                    : loaded 3 times (x 77B)
Class com.google.common.collect.ImmutableRangeSet$ComplementRanges                    : loaded 3 times (x 207B)
Class com.google.common.base.CharMatcher$Negated                                      : loaded 3 times (x 114B)
Class com.google.common.base.CharMatcher$Is                                           : loaded 3 times (x 112B)
Class com.google.common.base.CharMatcher                                              : loaded 3 times (x 112B)
Class com.google.common.base.Joiner$1                                                 : loaded 3 times (x 81B)
Class com.google.common.base.CharMatcher$NamedFastMatcher                             : loaded 3 times (x 113B)
Class com.google.common.base.CharMatcher$1                                            : loaded 3 times (x 114B)
Class com.google.common.base.Joiner$2                                                 : loaded 3 times (x 80B)
Class com.google.common.collect.RangeGwtSerializationDependencies                     : loaded 3 times (x 71B)
Class com.google.common.collect.RangeSet                                              : loaded 3 times (x 70B)
Class com.google.common.collect.ImmutableList$1                                       : loaded 3 times (x 97B)
Class com.intellij.gradle.toolingExtension.impl.model.dependencyDownloadPolicyModel.GradleDependencyDownloadPolicy: loaded 3 times (x 70B)
Class com.google.common.base.CharMatcher$InRange                                      : loaded 3 times (x 112B)
Class com.google.common.base.Objects                                                  : loaded 3 times (x 71B)
Class com.google.common.base.CharMatcher$IsEither                                     : loaded 3 times (x 112B)
Class Build_gradle                                                                    : loaded 3 times (x 130B)
Class com.google.common.collect.ImmutableSet$SetBuilderImpl                           : loaded 3 times (x 76B)
Class com.google.common.collect.ForwardingObject                                      : loaded 3 times (x 72B)
Class com.google.common.collect.ImmutableList$SubList                                 : loaded 3 times (x 209B)
Class ijJvmDebugger1_ck55pu4ufcq4hab1lqavf2pjx$_run_closure1                          : loaded 3 times (x 139B)
Class com.google.common.collect.RegularImmutableSet                                   : loaded 3 times (x 149B)
Class com.google.common.base.CharMatcher$And                                          : loaded 3 times (x 113B)
Class ijJvmDebugger1_ck55pu4ufcq4hab1lqavf2pjx$_run_closure1$_closure2                : loaded 3 times (x 140B)
Class com.google.common.collect.Lists$RandomAccessReverseList                         : loaded 3 times (x 200B)
Class kotlin.collections.EmptyList                                                    : loaded 2 times (x 174B)
Class org.gradle.internal.time.DefaultTimer                                           : loaded 2 times (x 80B)
Class com.google.common.collect.AbstractMapBasedMultimap$KeySet$1                     : loaded 2 times (x 82B)
Class org.objectweb.asm.ClassWriter                                                   : loaded 2 times (x 106B)
Class com.google.common.cache.CacheLoader$UnsupportedLoadingOperationException        : loaded 2 times (x 82B)
Class org.gradle.internal.classloader.ClasspathUtil$1                                 : loaded 2 times (x 76B)
Class com.android.builder.model.v2.ide.AndroidGradlePluginProjectFlags$BooleanFlag    : loaded 2 times (x 79B)
Class org.jetbrains.kotlin.idea.gradleTooling.KotlinMPPGradleModelBuilder$Companion   : loaded 2 times (x 71B)
Class com.intellij.gradle.toolingExtension.impl.model.projectModel.GradleExternalProjectModelBuilder: loaded 2 times (x 86B)
Class com.android.ide.common.gradle.Separator                                         : loaded 2 times (x 79B)
Class com.google.gson.internal.bind.ReflectiveTypeAdapterFactory$2                    : loaded 2 times (x 79B)
Class org.gradle.internal.InternalTransformer                                         : loaded 2 times (x 70B)
Class org.gradle.tooling.internal.adapter.ProtocolToModelAdapter                      : loaded 2 times (x 80B)
Class com.intellij.gradle.toolingExtension.impl.model.buildScriptClasspathModel.GradleBuildScriptClasspathSerializationService$WriteContext: loaded 2 times (x 72B)
Class com.google.gson.ToNumberStrategy                                                : loaded 2 times (x 70B)
Class com.google.gson.TypeAdapter                                                     : loaded 2 times (x 73B)
Class com.amazon.ion.impl.bin.PooledBlockAllocatorProvider$PooledBlockAllocator$1     : loaded 2 times (x 79B)
Class com.amazon.ion.impl.lite.IonStringLite                                          : loaded 2 times (x 212B)
Class org.gradle.tooling.internal.adapter.ProtocolToModelAdapter$ViewKey              : loaded 2 times (x 72B)
Class com.google.common.collect.FluentIterable$1                                      : loaded 2 times (x 81B)
Class org.objectweb.asm.FieldVisitor                                                  : loaded 2 times (x 77B)
Class com.google.common.collect.IndexedImmutableSet                                   : loaded 2 times (x 152B)
Class com.google.common.collect.ImmutableMap$1                                        : loaded 2 times (x 81B)
Class com.google.common.collect.BiMap                                                 : loaded 2 times (x 70B)
Class org.gradle.api.internal.classpath.DefaultModuleRegistry$DefaultModule           : loaded 2 times (x 86B)
Class gnu.trove.THash                                                                 : loaded 2 times (x 81B)
Class com.amazon.ion.IonMutableCatalog                                                : loaded 2 times (x 70B)
Class com.amazon.ion.impl.bin.Block                                                   : loaded 2 times (x 79B)
Class com.android.builder.model.v2.CustomSourceDirectory                              : loaded 2 times (x 70B)
Class com.google.common.collect.NullsFirstOrdering                                    : loaded 2 times (x 115B)
Class com.android.ide.common.repository.AgpVersion                                    : loaded 2 times (x 75B)
Class kotlin.ResultKt                                                                 : loaded 2 times (x 71B)
Class org.gradle.tooling.internal.adapter.ProtocolToModelAdapter$PropertyCachingMethodInvoker: loaded 2 times (x 76B)
Class com.google.common.base.Absent                                                   : loaded 2 times (x 80B)
Class com.google.common.collect.FluentIterable$2                                      : loaded 2 times (x 81B)
Class com.google.common.reflect.Reflection                                            : loaded 2 times (x 71B)
Class com.google.common.primitives.Ints                                               : loaded 2 times (x 71B)
Class org.jetbrains.kotlin.idea.gradleTooling.MultiplatformModelImportingChecker      : loaded 2 times (x 70B)
Class com.amazon.ion.impl._Private_IonReaderBuilder                                   : loaded 2 times (x 97B)
Class com.amazon.ion.impl._Private_RecyclingStack                                     : loaded 2 times (x 79B)
Class com.google.gson.internal.bind.ReflectiveTypeAdapterFactory$1                    : loaded 2 times (x 74B)
Class org.jetbrains.plugins.gradle.ExternalDependencyId                               : loaded 2 times (x 70B)
Class com.intellij.openapi.externalSystem.model.ExternalSystemException               : loaded 2 times (x 86B)
Class org.jetbrains.plugins.gradle.model.ExternalTask                                 : loaded 2 times (x 70B)
Class com.amazon.ion.impl.bin.utf8.Utf8StringEncoderPool$1                            : loaded 2 times (x 76B)
Class com.amazon.ion.impl.lite.IonLoaderLite                                          : loaded 2 times (x 82B)
Class com.amazon.ion.impl.lite.IonContext                                             : loaded 2 times (x 70B)
Class com.amazon.ion.impl.IonWriterSystemText                                         : loaded 2 times (x 190B)
Class [Lcom.amazon.ion.impl.bin.IonManagedBinaryWriter$ImportedSymbolResolverMode;    : loaded 2 times (x 69B)
Class com.amazon.ion.ValueFactory                                                     : loaded 2 times (x 70B)
Class com.android.builder.model.v2.models.ProjectSyncIssues                           : loaded 2 times (x 70B)
Class org.gradle.internal.time.DefaultCountdownTimer                                  : loaded 2 times (x 88B)
Class com.google.common.collect.FluentIterable$3                                      : loaded 2 times (x 81B)
Class com.google.common.collect.ObjectArrays                                          : loaded 2 times (x 71B)
Class com.google.common.collect.Multiset                                              : loaded 2 times (x 70B)
Class com.google.common.collect.ArrayListMultimapGwtSerializationDependencies         : loaded 2 times (x 172B)
Class com.google.common.math.MathPreconditions                                        : loaded 2 times (x 71B)
Class org.gradle.accessors.dm.LibrariesForLibs$PluginAccessors                        : loaded 2 times (x 74B)
Class org.jetbrains.plugins.gradle.tooling.builder.ProjectRepositoriesModelBuilder    : loaded 2 times (x 78B)
Class org.gradle.accessors.dm.LibrariesForLibs_Decorated                              : loaded 2 times (x 135B)
Class org.gradle.kotlin.dsl.VersionCatalogAccessorsKt                                 : loaded 2 times (x 71B)
Class com.google.common.util.concurrent.UncheckedExecutionException                   : loaded 2 times (x 82B)
Class com.google.common.io.ByteSink$AsCharSink                                        : loaded 2 times (x 80B)
Class com.google.common.collect.ExplicitOrdering                                      : loaded 2 times (x 115B)
Class com.google.gson.internal.ObjectConstructor                                      : loaded 2 times (x 70B)
Class com.amazon.ion.impl.bin.IonManagedBinaryWriter$SymbolResolver                   : loaded 2 times (x 70B)
Class com.amazon.ion.impl._Private_SymbolToken                                        : loaded 2 times (x 70B)
Class com.amazon.ion.impl.bin._Private_IonManagedBinaryWriterBuilder$AllocatorMode    : loaded 2 times (x 80B)
Class org.jetbrains.plugins.gradle.model.GradleTaskModel                              : loaded 2 times (x 70B)
Class org.jetbrains.plugins.gradle.tooling.util.ObjectCollector                       : loaded 2 times (x 72B)
Class org.gradle.tooling.internal.adapter.ProtocolToModelAdapter$AdaptingMethodInvoker: loaded 2 times (x 76B)
Class org.gradle.tooling.internal.gradle.DefaultBuildIdentifier                       : loaded 2 times (x 79B)
Class com.google.common.collect.ImmutableMapEntrySet                                  : loaded 2 times (x 152B)
Class org.gradle.api.internal.classpath.Module                                        : loaded 2 times (x 70B)
Class com.intellij.openapi.externalSystem.model.project.dependencies.ArtifactDependencyNodeImpl: loaded 2 times (x 95B)
Class com.android.builder.model.v2.ide.LibraryType                                    : loaded 2 times (x 79B)
Class [Lcom.android.builder.model.v2.ide.LibraryType;                                 : loaded 2 times (x 69B)
Class com.amazon.ion.impl.bin._Private_IonManagedBinaryWriterBuilder$AllocatorMode$2  : loaded 2 times (x 80B)
Class [Lcom.amazon.ion.util.GzipStreamInterceptor;                                    : loaded 2 times (x 69B)
Class com.amazon.ion.impl._Private_IonReaderBuilder$Mutable                           : loaded 2 times (x 97B)
Class com.intellij.openapi.externalSystem.model.project.IExternalSystemSourceType     : loaded 2 times (x 70B)
Class kotlin.io.FileAlreadyExistsException                                            : loaded 2 times (x 82B)
Class com.google.common.cache.Weigher                                                 : loaded 2 times (x 70B)
Class org.gradle.api.internal.classpath.UnknownModuleException                        : loaded 2 times (x 82B)
Class com.amazon.ion.impl._Private_IonTextWriterBuilder                               : loaded 2 times (x 102B)
Class org.gradle.accessors.dm.LibrariesForLibs$EspressoLibraryAccessors               : loaded 2 times (x 77B)
Class org.jetbrains.plugins.gradle.tooling.builder.IntelliJSettingsBuilder            : loaded 2 times (x 78B)
Class com.amazon.ion.impl.lite.IonFloatLite                                           : loaded 2 times (x 186B)
Class com.intellij.openapi.externalSystem.model.project.dependencies.ProjectDependencies: loaded 2 times (x 70B)
Class org.jetbrains.plugins.gradle.tooling.serialization.ProjectDependenciesSerializationService$ReadContext: loaded 2 times (x 72B)
Class com.google.common.base.Stopwatch                                                : loaded 2 times (x 72B)
Class com.google.common.cache.LocalCache$Strength                                     : loaded 2 times (x 81B)
Class com.google.common.cache.Cache                                                   : loaded 2 times (x 70B)
Class com.google.gson.internal.bind.DefaultDateTypeAdapter$DateType                   : loaded 2 times (x 73B)
Class com.intellij.gradle.toolingExtension.impl.initScript.util.GradleJvmForkedDebuggerHelper: loaded 2 times (x 71B)
Class com.google.common.io.Files$2                                                    : loaded 2 times (x 76B)
Class com.google.common.io.AppendableWriter                                           : loaded 2 times (x 100B)
Class com.google.common.base.NullnessCasts                                            : loaded 2 times (x 71B)
Class com.google.common.util.concurrent.AbstractFuture$Cancellation                   : loaded 2 times (x 72B)
Class com.google.common.collect.ImmutableMap$Builder                                  : loaded 2 times (x 82B)
Class com.google.common.util.concurrent.AbstractFuture$Trusted                        : loaded 2 times (x 70B)
Class com.google.common.base.Optional                                                 : loaded 2 times (x 80B)
Class org.gradle.tooling.internal.adapter.CollectionMapper                            : loaded 2 times (x 73B)
Class org.gradle.tooling.model.kotlin.dsl.KotlinDslScriptModel                        : loaded 2 times (x 70B)
Class org.jetbrains.plugins.gradle.tooling.serialization.ProjectDependenciesSerializationService: loaded 2 times (x 77B)
Class [Lcom.google.gson.ToNumberPolicy;                                               : loaded 2 times (x 69B)
Class com.google.gson.ToNumberPolicy                                                  : loaded 2 times (x 83B)
Class com.amazon.ion.IonBufferConfiguration                                           : loaded 2 times (x 73B)
Class com.amazon.ion.impl.bin.Symbols                                                 : loaded 2 times (x 71B)
Class org.jetbrains.plugins.gradle.tooling.serialization.RepositoriesModelSerializationService: loaded 2 times (x 82B)
Class com.android.ide.gradle.model.artifacts.AdditionalClassifierArtifactsModel       : loaded 2 times (x 70B)
Class sync_studio_tooling_cm159mg844f0wlgoq7frqgzxs                                   : loaded 2 times (x 179B)
Class org.gradle.tooling.internal.gradle.GradleProjectIdentity                        : loaded 2 times (x 70B)
Class com.google.common.collect.AbstractMapBasedMultimap$WrappedCollection$WrappedIterator: loaded 2 times (x 84B)
Class com.google.common.collect.Maps$EntryFunction$1                                  : loaded 2 times (x 91B)
Class com.google.common.base.Present                                                  : loaded 2 times (x 81B)
Class com.google.common.cache.RemovalListener                                         : loaded 2 times (x 70B)
Class org.gradle.api.internal.DefaultClassPathRegistry                                : loaded 2 times (x 76B)
Class com.intellij.gradle.toolingExtension.impl.model.dependencyDownloadPolicyModel.GradleDependencyDownloadPolicyBuilder: loaded 2 times (x 86B)
Class org.jetbrains.plugins.gradle.tooling.serialization.ProjectDependenciesSerializationService$WriteContext: loaded 2 times (x 72B)
Class com.amazon.ion.impl.bin._Private_IonManagedBinaryWriterBuilder$AllocatorMode$1  : loaded 2 times (x 80B)
Class com.amazon.ion.Decimal                                                          : loaded 2 times (x 133B)
Class com.amazon.ion.impl.bin.AbstractSymbolTable                                     : loaded 2 times (x 107B)
Class com.amazon.ion.impl._Private_ReaderWriter                                       : loaded 2 times (x 70B)
Class [Lcom.amazon.ion.impl.bin.AbstractIonWriter$WriteValueOptimization;             : loaded 2 times (x 69B)
Class com.amazon.ion.impl.lite.IonStructLite                                          : loaded 2 times (x 298B)
Class org.jetbrains.plugins.gradle.tooling.serialization.RepositoriesModelSerializationService$ReadContext: loaded 2 times (x 72B)
Class com.android.builder.model.v2.ide.JavaArtifact                                   : loaded 2 times (x 70B)
Class com.google.common.collect.Maps$EntryFunction$2                                  : loaded 2 times (x 91B)
Class com.google.common.collect.ImmutableMultimap$Keys                                : loaded 2 times (x 166B)
Class com.google.common.reflect.Invokable$ConstructorInvokable                        : loaded 2 times (x 107B)
Class com.google.common.primitives.IntsMethodsForWeb                                  : loaded 2 times (x 71B)
Class org.gradle.api.internal.ClassPathRegistry                                       : loaded 2 times (x 70B)
Class org.gradle.internal.classpath.DefaultClassPath$ImmutableUniqueList              : loaded 2 times (x 199B)
Class jdk.internal.jimage.decompressor.ResourceDecompressor                           : loaded 2 times (x 70B)
Class org.jetbrains.plugins.gradle.tooling.builder.MavenRepositoriesModelBuilder      : loaded 2 times (x 81B)
Class com.intellij.compose.ide.plugin.gradleTooling.rt.ComposeResourcesModel          : loaded 2 times (x 70B)
Class com.intellij.gradle.toolingExtension.impl.util.collectionUtil.GradleCollections : loaded 2 times (x 71B)
Class org.jetbrains.plugins.gradle.tooling.builder.ProjectExtensionsDataBuilderImpl   : loaded 2 times (x 78B)
Class org.gradle.accessors.dm.LibrariesForLibs$ExtLibraryAccessors                    : loaded 2 times (x 77B)
Class com.google.common.util.concurrent.AbstractFuture$UnsafeAtomicHelper$1           : loaded 2 times (x 76B)
Class com.amazon.ion.impl.bin.IonManagedBinaryWriter$UserState                        : loaded 2 times (x 85B)
Class com.amazon.ion.impl._Private_IonWriter                                          : loaded 2 times (x 70B)
Class com.amazon.ion.impl.bin._Private_IonManagedBinaryWriterBuilder                  : loaded 2 times (x 72B)
Class com.intellij.gradle.toolingExtension.impl.model.projectModel.GradleExternalProjectSerializationService$WriteContext: loaded 2 times (x 73B)
Class kotlin.collections.IntIterator                                                  : loaded 2 times (x 82B)
Class com.android.builder.model.v2.ide.CodeShrinker                                   : loaded 2 times (x 79B)
Class com.google.common.collect.MapMakerInternalMap$Segment                           : loaded 2 times (x 142B)
Class com.google.common.reflect.TypeToken                                             : loaded 2 times (x 73B)
Class org.jetbrains.kotlin.idea.gradleTooling.PrepareKotlinIdeaImportTaskModelBuilder$Companion: loaded 2 times (x 71B)
Class org.jetbrains.plugins.gradle.tooling.ModelBuilderService                        : loaded 2 times (x 70B)
Class kotlin.io.FilesKt__FilePathComponentsKt                                         : loaded 2 times (x 71B)
Class kotlin.io.TerminateException                                                    : loaded 2 times (x 82B)
Class com.google.gson.internal.bind.ArrayTypeAdapter$1                                : loaded 2 times (x 75B)
Class com.google.gson.internal.bind.JsonTreeWriter                                    : loaded 2 times (x 98B)
Class [Lcom.amazon.ion.SymbolToken;                                                   : loaded 2 times (x 69B)
Class com.android.builder.model.v2.dsl.SigningConfig                                  : loaded 2 times (x 70B)
Class org.jetbrains.plugins.gradle.tooling.serialization.AnnotationProcessingModelSerializationService$WriteContext: loaded 2 times (x 72B)
Class com.android.builder.model.v2.models.AndroidProject                              : loaded 2 times (x 70B)
Class com.android.builder.model.v2.AndroidModel                                       : loaded 2 times (x 70B)
Class com.amazon.ion.IonSymbol                                                        : loaded 2 times (x 70B)
Class com.google.common.cache.RemovalCause                                            : loaded 2 times (x 80B)
Class com.google.common.io.ByteSink                                                   : loaded 2 times (x 76B)
Class com.google.common.cache.CacheBuilder                                            : loaded 2 times (x 72B)
Class Settings_gradle$1                                                               : loaded 2 times (x 74B)
Class org.gradle.internal.classpath.ClassPath                                         : loaded 2 times (x 70B)
Class org.gradle.api.UncheckedIOException                                             : loaded 2 times (x 82B)
Class org.jetbrains.kotlin.idea.gradleTooling.model.kapt.KaptModelBuilderService      : loaded 2 times (x 86B)
Class com.intellij.gradle.toolingExtension.impl.model.sourceSetArtifactIndex.GradleSourceSetArtifactIndexBuilder: loaded 2 times (x 86B)
Class com.amazon.ion.impl.bin.utf8.Poolable                                           : loaded 2 times (x 79B)
Class com.google.gson.internal.sql.SqlTimeTypeAdapter$1                               : loaded 2 times (x 75B)
Class org.jetbrains.plugins.gradle.model.ExternalProjectDependency                    : loaded 2 times (x 70B)
Class org.jetbrains.plugins.gradle.tooling.serialization.KotlinDslScriptsModelSerializationService: loaded 2 times (x 81B)
Class com.google.gson.internal.bind.MapTypeAdapterFactory$Adapter                     : loaded 2 times (x 74B)
Class kotlin.collections.ArrayDeque                                                   : loaded 2 times (x 207B)
Class com.google.common.collect.Interners$InternerBuilder                             : loaded 2 times (x 76B)
Class com.google.common.io.Files$FileByteSource                                       : loaded 2 times (x 85B)
Class [Lcom.google.common.reflect.Types$JavaVersion;                                  : loaded 2 times (x 69B)
Class com.google.common.base.JdkPattern                                               : loaded 2 times (x 75B)
Class com.google.common.cache.LocalCache$2                                            : loaded 2 times (x 142B)
Class com.google.common.collect.AbstractMultimap                                      : loaded 2 times (x 123B)
Class com.google.common.collect.Sets$ImprovedAbstractSet                              : loaded 2 times (x 135B)
Class com.google.common.reflect.TypeToken$SimpleTypeToken                             : loaded 2 times (x 73B)
Class com.google.common.collect.MapMakerInternalMap$AbstractStrongKeyEntry            : loaded 2 times (x 80B)
Class com.amazon.ion.system.IonSystemBuilder$Mutable                                  : loaded 2 times (x 75B)
Class com.amazon.ion.impl.bin.IonManagedBinaryWriter$SymbolResolverBuilder            : loaded 2 times (x 70B)
Class org.jetbrains.kotlin.idea.gradleTooling.KotlinGradleModel                       : loaded 2 times (x 70B)
Class org.jetbrains.plugins.gradle.tooling.serialization.ExternalTestsSerializationService$WriteContext: loaded 2 times (x 72B)
Class com.google.common.io.CharStreams$NullWriter                                     : loaded 2 times (x 99B)
Class org.objectweb.asm.SymbolTable$Entry                                             : loaded 2 times (x 74B)
Class com.google.common.util.concurrent.AbstractFuture$AtomicHelper                   : loaded 2 times (x 78B)
Class com.android.builder.model.v2.ide.BytecodeTransformation                         : loaded 2 times (x 79B)
Class org.jetbrains.kotlin.idea.gradleTooling.model.noarg.NoArgModelBuilderService    : loaded 2 times (x 85B)
Class com.amazon.ion.facet.Faceted                                                    : loaded 2 times (x 70B)
Class com.intellij.gradle.toolingExtension.impl.initScript.util.GradleJvmForkedDebuggerHelper$getTasksToDebug: loaded 2 times (x 146B)
Class com.intellij.gradle.toolingExtension.impl.util.collectionUtil.GradleCollectionUtil: loaded 2 times (x 71B)
Class com.google.gson.internal.bind.ReflectiveTypeAdapterFactory                      : loaded 2 times (x 75B)
Class com.google.gson.internal.sql.SqlTimestampTypeAdapter                            : loaded 2 times (x 76B)
Class com.amazon.ion.impl._Private_RecyclingStack$Recycler                            : loaded 2 times (x 70B)
Class com.amazon.ion.impl.bin.IonManagedBinaryWriter$LocalSymbolTableView             : loaded 2 times (x 107B)
Class com.amazon.ion.impl.bin.IonRawBinaryWriter$ThrowingRunnable                     : loaded 2 times (x 70B)
Class com.android.builder.model.v2.ide.Variant                                        : loaded 2 times (x 70B)
Class org.gradle.tooling.model.Model                                                  : loaded 2 times (x 70B)
Class org.objectweb.asm.Edge                                                          : loaded 2 times (x 72B)
Class com.google.common.base.Suppliers$SupplierOfInstance                             : loaded 2 times (x 79B)
Class org.jetbrains.plugins.gradle.tooling.serialization.ToolingStreamApiUtils        : loaded 2 times (x 71B)
Class com.amazon.ion.system.IonWriterBuilder                                          : loaded 2 times (x 74B)
Class com.google.gson.internal.sql.SqlDateTypeAdapter$1                               : loaded 2 times (x 75B)
Class com.amazon.ion.UnknownSymbolException                                           : loaded 2 times (x 86B)
Class com.android.ide.gradle.model.composites.BuildMap                                : loaded 2 times (x 70B)
Class com.amazon.ion.IonBufferConfiguration$OversizedSymbolTableHandler               : loaded 2 times (x 70B)
Class kotlin.text.MatchResult$Destructured                                            : loaded 2 times (x 72B)
Class kotlin.Metadata                                                                 : loaded 2 times (x 70B)
Class com.google.common.reflect.TypeToken$1                                           : loaded 2 times (x 110B)
Class com.google.common.cache.LocalCache$ComputingValueReference                      : loaded 2 times (x 96B)
Class com.google.common.collect.ImmutableMap$IteratorBasedImmutableMap                : loaded 2 times (x 126B)
Class com.amazon.ion.impl.lite.IonContainerLite                                       : loaded 2 times (x 248B)
Class com.intellij.compose.ide.plugin.gradleTooling.rt.ComposeResourcesModelBuilder   : loaded 2 times (x 78B)
Class org.jetbrains.kotlin.idea.gradleTooling.model.assignment.AssignmentModelBuilderService: loaded 2 times (x 85B)
Class com.google.common.collect.AbstractMapEntry                                      : loaded 2 times (x 81B)
Class com.google.common.cache.LocalCache$1                                            : loaded 2 times (x 89B)
Class org.jetbrains.plugins.gradle.model.IntelliJProjectSettings                      : loaded 2 times (x 70B)
Class com.android.builder.model.v2.ide.Library                                        : loaded 2 times (x 70B)
Class com.android.builder.model.v2.ide.ArtifactDependenciesAdjacencyList              : loaded 2 times (x 70B)
Class com.android.builder.model.v2.models.Versions                                    : loaded 2 times (x 70B)
Class org.gradle.tooling.internal.adapter.ProtocolToModelAdapter$MethodInvocationCache: loaded 2 times (x 73B)
Class com.google.common.collect.AbstractMapBasedMultimap$AsMap$AsMapEntries           : loaded 2 times (x 138B)
Class com.google.common.reflect.TypeToken$2                                           : loaded 2 times (x 110B)
Class com.google.common.cache.LocalCache$Segment                                      : loaded 2 times (x 154B)
Class com.google.common.collect.SingletonImmutableBiMap                               : loaded 2 times (x 143B)
Class com.android.ide.gradle.model.builder.LegacyAndroidGradlePluginPropertiesModelBuilder: loaded 2 times (x 80B)
Class org.jetbrains.plugins.gradle.tooling.builder.VersionCatalogsModelBuilder        : loaded 2 times (x 86B)
Class com.intellij.openapi.externalSystem.model.project.dependencies.AbstractDependencyNode: loaded 2 times (x 87B)
Class com.intellij.gradle.toolingExtension.impl.model.utilDummyModel.DummyModelBuilder: loaded 2 times (x 86B)
Class com.google.common.base.Ascii                                                    : loaded 2 times (x 71B)
Class com.google.common.collect.HashBiMap$BiEntry                                     : loaded 2 times (x 83B)
Class org.gradle.tooling.model.UnsupportedMethodException                             : loaded 2 times (x 82B)
Class com.google.gson.internal.bind.ReflectiveTypeAdapterFactory$Adapter              : loaded 2 times (x 77B)
Class com.google.gson.internal.bind.TypeAdapters$10                                   : loaded 2 times (x 75B)
Class org.jetbrains.plugins.gradle.model.ExternalDependency                           : loaded 2 times (x 70B)
Class com.intellij.util.containers.IntObjectHashMap                                   : loaded 2 times (x 72B)
Class org.gradle.tooling.internal.adapter.ProtocolToModelAdapter$SupportedPropertyInvoker: loaded 2 times (x 76B)
Class com.android.builder.model.v2.models.ndk.NativeModule                            : loaded 2 times (x 70B)
Class com.google.common.collect.AbstractListMultimap                                  : loaded 2 times (x 172B)
Class [Lorg.objectweb.asm.SymbolTable$Entry;                                          : loaded 2 times (x 69B)
Class com.google.common.cache.CacheLoader                                             : loaded 2 times (x 74B)
Class com.google.common.collect.ImmutableBiMap                                        : loaded 2 times (x 143B)
Class org.gradle.internal.installation.GradleInstallation$1                           : loaded 2 times (x 75B)
Class org.gradle.api.internal.classpath.ModuleRegistry                                : loaded 2 times (x 70B)
Class jdk.internal.jimage.decompressor.ResourceDecompressorFactory                    : loaded 2 times (x 74B)
Class kotlin.sequences.TransformingSequence$iterator$1                                : loaded 2 times (x 79B)
Class com.google.gson.internal.bind.TypeAdapters$11                                   : loaded 2 times (x 75B)
Class [Lcom.google.gson.FieldNamingPolicy;                                            : loaded 2 times (x 69B)
Class com.amazon.ion.impl.bin.IonManagedBinaryWriter$SymbolState$1                    : loaded 2 times (x 80B)
Class com.amazon.ion.impl.LocalSymbolTableAsStruct$Factory                            : loaded 2 times (x 79B)
Class [Lcom.amazon.ion.IonType;                                                       : loaded 2 times (x 69B)
Class org.jetbrains.plugins.gradle.model.VersionCatalogsModel                         : loaded 2 times (x 70B)
Class com.intellij.gradle.toolingExtension.impl.model.sourceSetDependencyModel.GradleSourceSetDependencySerialisationService$SourceSetDependencyModelReadContext: loaded 2 times (x 72B)
Class com.intellij.gradle.toolingExtension.impl.model.dependencyModel.DependencyReadContext: loaded 2 times (x 72B)
Class com.android.ide.common.repository.AgpVersion$PreviewKind$Companion              : loaded 2 times (x 71B)
Class org.gradle.tooling.internal.adapter.ObjectGraphAdapter                          : loaded 2 times (x 70B)
Class com.google.common.base.Splitter$SplittingIterator                               : loaded 2 times (x 84B)
Class com.google.common.util.concurrent.internal.InternalFutureFailureAccess          : loaded 2 times (x 72B)
Class com.google.common.collect.ImmutableSet$JdkBackedSetBuilderImpl                  : loaded 2 times (x 76B)
Class com.android.ide.gradle.model.GradlePropertiesModel                              : loaded 2 times (x 70B)
Class com.google.gson.internal.bind.TypeAdapters$12                                   : loaded 2 times (x 75B)
Class [Lcom.google.gson.ToNumberStrategy;                                             : loaded 2 times (x 69B)
Class org.jetbrains.plugins.gradle.model.ProjectImportModelProvider                   : loaded 2 times (x 70B)
Class org.jetbrains.plugins.gradle.model.ExternalSourceSet                            : loaded 2 times (x 70B)
Class com.amazon.ion.impl.bin.IonManagedBinaryWriter$SymbolState$2                    : loaded 2 times (x 80B)
Class com.amazon.ion.IonNull                                                          : loaded 2 times (x 70B)
Class com.intellij.gradle.toolingExtension.impl.model.warmUp.GradleTaskWarmUpRequest  : loaded 2 times (x 70B)
Class com.android.ide.gradle.model.LegacyAndroidGradlePluginPropertiesModelParameters : loaded 2 times (x 70B)
Class com.amazon.ion.impl.bin._Private_IonManagedWriter                               : loaded 2 times (x 70B)
Class com.android.builder.model.v2.ide.Installation                                   : loaded 2 times (x 70B)
Class com.google.common.collect.ImmutableSortedAsList                                 : loaded 2 times (x 221B)
Class kotlin.text.RegexKt                                                             : loaded 2 times (x 71B)
Class kotlin.coroutines.intrinsics.IntrinsicsKt__IntrinsicsKt                         : loaded 2 times (x 71B)
Class com.google.common.collect.Iterators$6                                           : loaded 2 times (x 81B)
Class com.google.common.collect.HashBiMap$Inverse                                     : loaded 2 times (x 142B)
Class com.google.common.collect.ImmutableMultimap$Values                              : loaded 2 times (x 126B)
Class com.google.common.util.concurrent.AbstractFuture$UnsafeAtomicHelper             : loaded 2 times (x 78B)
Class com.google.common.cache.LocalCache$LocalManualCache$1                           : loaded 2 times (x 75B)
Class com.amazon.ion.impl.bin.Symbols$2                                               : loaded 2 times (x 107B)
Class com.amazon.ion.impl.IonWriterSystem                                             : loaded 2 times (x 171B)
Class com.google.gson.internal.bind.TypeAdapterRuntimeTypeWrapper                     : loaded 2 times (x 74B)
Class com.google.gson.internal.bind.TypeAdapters$13                                   : loaded 2 times (x 75B)
Class com.amazon.ion.impl.bin.IonRawBinaryWriter$ContainerInfo                        : loaded 2 times (x 74B)
Class com.amazon.ion.impl.bin.IonManagedBinaryWriter$SymbolState$3                    : loaded 2 times (x 80B)
Class com.amazon.ion.impl.bin.IonRawBinaryWriter$StreamFlushMode                      : loaded 2 times (x 79B)
Class com.amazon.ion.IonBinaryWriter                                                  : loaded 2 times (x 70B)
Class com.intellij.gradle.toolingExtension.impl.model.sourceSetArtifactIndex.GradleSourceSetArtifactBuildRequest: loaded 2 times (x 70B)
Class org.gradle.internal.service.ServiceLocator                                      : loaded 2 times (x 70B)
Class com.android.builder.model.v2.models.ModelBuilderParameter                       : loaded 2 times (x 70B)
Class kotlin.io.FilesKt__UtilsKt                                                      : loaded 2 times (x 71B)
Class com.google.common.collect.Lists$TransformingRandomAccessList                    : loaded 2 times (x 199B)
Class org.gradle.api.internal.classpath.DefaultModuleRegistry                         : loaded 2 times (x 86B)
Class [Lorg.objectweb.asm.Type;                                                       : loaded 2 times (x 69B)
Class com.android.ide.gradle.model.dependencies.DeclaredDependenciesModelBuilder$Companion: loaded 2 times (x 71B)
Class com.google.common.collect.Platform                                              : loaded 2 times (x 71B)
Class com.google.common.base.Splitter$5                                               : loaded 2 times (x 80B)
Class com.android.builder.model.v2.ide.TestInfo$Execution                             : loaded 2 times (x 79B)
Class org.jetbrains.plugins.gradle.model.IntelliJSettings                             : loaded 2 times (x 70B)
Class com.google.gson.internal.bind.NumberTypeAdapter$1                               : loaded 2 times (x 76B)
Class com.google.gson.internal.bind.TypeAdapters$1                                    : loaded 2 times (x 75B)
Class com.google.gson.internal.bind.TypeAdapters$14                                   : loaded 2 times (x 75B)
Class com.amazon.ion.impl.bin.IonManagedBinaryWriter$SymbolState$4                    : loaded 2 times (x 80B)
Class [Lcom.amazon.ion.util.InputStreamInterceptor;                                   : loaded 2 times (x 69B)
Class org.jetbrains.plugins.gradle.tooling.serialization.internal.IdeaProjectSerializationService$WriteContext$1: loaded 2 times (x 83B)
Class org.jetbrains.plugins.gradle.model.ExternalProject                              : loaded 2 times (x 70B)
Class org.jetbrains.kotlin.idea.gradleTooling.KotlinSourceSetContainer                : loaded 2 times (x 70B)
Class kotlin.sequences.SequencesKt                                                    : loaded 2 times (x 71B)
Class com.google.common.util.concurrent.ListenableFuture                              : loaded 2 times (x 70B)
Class com.google.common.cache.ReferenceEntry                                          : loaded 2 times (x 70B)
Class com.google.common.base.Converter                                                : loaded 2 times (x 90B)
Class com.google.gson.stream.JsonWriter                                               : loaded 2 times (x 98B)
Class com.android.ide.gradle.model.builder.AndroidStudioToolingPlugin                 : loaded 2 times (x 75B)
Class org.jetbrains.kotlin.idea.gradleTooling.model.annotation.AnnotationBasedPluginModelBuilderService: loaded 2 times (x 85B)
Class com.intellij.gradle.toolingExtension.impl.model.taskModel.GradleTaskModelBuilder: loaded 2 times (x 86B)
Class com.google.gson.internal.Primitives                                             : loaded 2 times (x 71B)
Class com.google.common.base.MoreObjects                                              : loaded 2 times (x 71B)
Class com.google.common.reflect.TypeResolver$TypeVariableKey                          : loaded 2 times (x 72B)
Class com.google.common.collect.BaseImmutableMultimap                                 : loaded 2 times (x 123B)
Class com.google.common.collect.EmptyImmutableListMultimap                            : loaded 2 times (x 176B)
Class com.google.gson.Strictness                                                      : loaded 2 times (x 79B)
Class com.google.gson.internal.bind.TypeAdapters$2                                    : loaded 2 times (x 75B)
Class com.google.gson.internal.bind.TypeAdapters$15                                   : loaded 2 times (x 75B)
Class com.google.gson.internal.sql.SqlTypesSupport$1                                  : loaded 2 times (x 74B)
Class com.amazon.ion.impl.bin.utf8.Pool                                               : loaded 2 times (x 74B)
Class com.amazon.ion.impl._Private_SymtabExtendsCache                                 : loaded 2 times (x 72B)
Class org.jetbrains.plugins.gradle.tooling.serialization.internal.IdeaProjectSerializationService$WriteContext$2: loaded 2 times (x 83B)
Class [Lcom.android.builder.model.v2.ide.CodeShrinker;                                : loaded 2 times (x 69B)
Class com.amazon.ion.impl._Private_IonTextWriterBuilder$Mutable                       : loaded 2 times (x 102B)
Class com.google.common.collect.AbstractMapBasedMultimap                              : loaded 2 times (x 139B)
Class com.google.common.util.concurrent.AbstractFuture                                : loaded 2 times (x 106B)
Class com.google.common.base.FunctionalEquivalence                                    : loaded 2 times (x 83B)
Class com.amazon.ion.impl.bin.IonRawBinaryWriter$ContainerType                        : loaded 2 times (x 79B)
Class com.google.gson.GsonBuilder                                                     : loaded 2 times (x 72B)
Class com.google.gson.internal.bind.TypeAdapters$16                                   : loaded 2 times (x 75B)
Class com.google.gson.internal.bind.TypeAdapters$3                                    : loaded 2 times (x 75B)
Class com.google.gson.internal.sql.SqlTypesSupport$2                                  : loaded 2 times (x 74B)
Class com.amazon.ion.impl._Private_IonSymbol                                          : loaded 2 times (x 70B)
Class com.amazon.ion.impl.lite.IonValueLite                                           : loaded 2 times (x 147B)
Class com.amazon.ion.IonContainer                                                     : loaded 2 times (x 70B)
Class com.amazon.ion.impl.bin.PooledBlockAllocatorProvider                            : loaded 2 times (x 73B)
Class org.jetbrains.plugins.gradle.tooling.serialization.AnnotationProcessingModelSerializationService$ReadContext: loaded 2 times (x 72B)
Class org.jetbrains.plugins.gradle.tooling.serialization.internal.IdeaProjectSerializationService$WriteContext$3: loaded 2 times (x 83B)
Class gnu.trove.TObjectHash$NULL                                                      : loaded 2 times (x 71B)
Class org.gradle.util.internal.DefaultGradleVersion$Stage                             : loaded 2 times (x 75B)
Class kotlin.coroutines.jvm.internal.RestrictedContinuationImpl                       : loaded 2 times (x 87B)
Class com.google.common.io.CharStreams                                                : loaded 2 times (x 71B)
Class com.google.common.collect.ImmutableMultiset                                     : loaded 2 times (x 163B)
Class com.google.common.reflect.TypeResolver$TypeTable                                : loaded 2 times (x 73B)
Class org.objectweb.asm.RecordComponentVisitor                                        : loaded 2 times (x 77B)
Class com.google.common.cache.CacheLoader$SupplierToCacheLoader                       : loaded 2 times (x 75B)
Class com.google.gson.internal.bind.DefaultDateTypeAdapter                            : loaded 2 times (x 74B)
Class com.intellij.gradle.toolingExtension.impl.model.sourceSetModel.GradleSourceSetModelBuilder: loaded 2 times (x 86B)
Class org.jetbrains.kotlin.idea.gradleTooling.model.samWithReceiver.SamWithReceiverModelBuilderService: loaded 2 times (x 85B)
Class com.google.common.cache.CacheLoader$FunctionToCacheLoader                       : loaded 2 times (x 75B)
Class com.google.gson.internal.bind.TypeAdapters$17                                   : loaded 2 times (x 75B)
Class com.google.gson.internal.bind.TypeAdapters$4                                    : loaded 2 times (x 75B)
Class org.jetbrains.kotlin.idea.gradleTooling.AndroidAwareGradleModelProvider         : loaded 2 times (x 79B)
Class org.jetbrains.plugins.gradle.tooling.serialization.internal.IdeaProjectSerializationService$WriteContext$4: loaded 2 times (x 83B)
Class com.intellij.gradle.toolingExtension.impl.model.sourceSetDependencyModel.GradleSourceSetDependencySerialisationService$Companion: loaded 2 times (x 71B)
Class [Lkotlin.Pair;                                                                  : loaded 2 times (x 69B)
Class kotlin.io.FilesKt__FileReadWriteKt                                              : loaded 2 times (x 71B)
Class com.google.common.collect.UsingToStringOrdering                                 : loaded 2 times (x 114B)
Class kotlin.text.MatchNamedGroupCollection                                           : loaded 2 times (x 70B)
Class kotlin.jvm.internal.markers.KMutableList                                        : loaded 2 times (x 70B)
Class org.gradle.internal.time.MonotonicClock                                         : loaded 2 times (x 77B)
Class com.google.common.reflect.TypeResolver$TypeTable$1                              : loaded 2 times (x 73B)
Class com.google.common.collect.Maps$EntryTransformer                                 : loaded 2 times (x 70B)
Class org.gradle.internal.service.ServiceLookupException                              : loaded 2 times (x 82B)
Class com.google.common.reflect.Types$ParameterizedTypeImpl                           : loaded 2 times (x 81B)
Class org.jetbrains.plugins.gradle.tooling.builder.ProjectExtensionsDataBuilderImpl$Companion: loaded 2 times (x 71B)
Class com.google.gson.annotations.JsonAdapter                                         : loaded 2 times (x 70B)
Class com.google.gson.internal.bind.SerializationDelegatingTypeAdapter                : loaded 2 times (x 74B)
Class com.google.gson.internal.bind.TypeAdapters$18                                   : loaded 2 times (x 75B)
Class com.google.gson.internal.bind.TypeAdapters$5                                    : loaded 2 times (x 75B)
Class com.amazon.ion.BufferConfiguration$Builder                                      : loaded 2 times (x 78B)
Class com.intellij.gradle.toolingExtension.util.GradleVersionSpecificsUtil            : loaded 2 times (x 71B)
Class org.jetbrains.plugins.gradle.tooling.serialization.internal.IdeaProjectSerializationService$WriteContext$5: loaded 2 times (x 83B)
Class com.intellij.gradle.toolingExtension.impl.model.sourceSetDependencyModel.GradleSourceSetDependencySerialisationService$SourceSetDependencyModelWriteContext: loaded 2 times (x 72B)
Class kotlin.sequences.SequencesKt___SequencesKt$sortedWith$1                         : loaded 2 times (x 75B)
Class com.google.common.collect.ImmutableListMultimap                                 : loaded 2 times (x 176B)
Class com.google.common.collect.Maps$IteratorBasedAbstractMap$1                       : loaded 2 times (x 138B)
Class com.google.common.base.CharMatcher$JavaLetter                                   : loaded 2 times (x 111B)
Class [Lcom.google.common.cache.LocalCache$EntryFactory;                              : loaded 2 times (x 69B)
Class [Lkotlin.coroutines.intrinsics.CoroutineSingletons;                             : loaded 2 times (x 69B)
Class com.amazon.ion.IonValue                                                         : loaded 2 times (x 70B)
Class org.gradle.internal.classloader.InstrumentingClassLoader                        : loaded 2 times (x 70B)
Class com.google.gson.internal.bind.ReflectiveTypeAdapterFactory$FieldReflectionAdapter: loaded 2 times (x 77B)
Class com.google.gson.internal.bind.TypeAdapters$19                                   : loaded 2 times (x 75B)
Class com.google.gson.internal.bind.TypeAdapters$6                                    : loaded 2 times (x 75B)
Class com.amazon.ion.impl.bin.IntList                                                 : loaded 2 times (x 77B)
Class com.amazon.ion.impl._Private_RecyclingQueue$ElementIterator                     : loaded 2 times (x 82B)
Class com.amazon.ion.impl.lite._Private_LiteDomTrampoline                             : loaded 2 times (x 71B)
Class com.amazon.ion.IonType                                                          : loaded 2 times (x 79B)
Class org.jetbrains.plugins.gradle.tooling.serialization.internal.IdeaProjectSerializationService$WriteContext$6: loaded 2 times (x 83B)
Class org.jetbrains.plugins.gradle.tooling.util.IntObjectMap                          : loaded 2 times (x 73B)
Class org.gradle.internal.classpath.TransformedClassPath                              : loaded 2 times (x 96B)
Class com.android.builder.model.v2.ide.LibraryInfo                                    : loaded 2 times (x 70B)
Class com.google.common.collect.ImmutableMap$SerializedForm                           : loaded 2 times (x 73B)
Class com.google.common.base.CommonPattern                                            : loaded 2 times (x 74B)
Class com.google.common.cache.LocalCache$LocalManualCache                             : loaded 2 times (x 99B)
Class org.gradle.internal.service.CachingServiceLocator                               : loaded 2 times (x 82B)
Class com.google.common.cache.CacheBuilder$NullListener                               : loaded 2 times (x 82B)
Class org.objectweb.asm.FieldWriter                                                   : loaded 2 times (x 78B)
Class com.google.common.reflect.Invokable                                             : loaded 2 times (x 103B)
Class com.google.gson.annotations.SerializedName                                      : loaded 2 times (x 70B)
Class com.google.gson.internal.bind.TypeAdapters$7                                    : loaded 2 times (x 75B)
Class com.amazon.ion.impl.lite.ValueFactoryLite                                       : loaded 2 times (x 218B)
Class org.jetbrains.plugins.gradle.model.RepositoryModels                             : loaded 2 times (x 70B)
Class org.jetbrains.plugins.gradle.tooling.serialization.internal.IdeaProjectSerializationService$WriteContext$7: loaded 2 times (x 83B)
Class com.google.common.collect.MapMaker$Dummy                                        : loaded 2 times (x 79B)
Class kotlin.collections.AbstractList$SubList                                         : loaded 2 times (x 198B)
Class com.google.common.collect.Streams                                               : loaded 2 times (x 71B)
Class com.google.common.collect.AbstractMapBasedMultimap$KeySet                       : loaded 2 times (x 137B)
Class com.google.common.math.IntMath                                                  : loaded 2 times (x 71B)
Class com.google.gson.LongSerializationPolicy                                         : loaded 2 times (x 80B)
Class org.jetbrains.plugins.gradle.model.ExternalLibraryDependency                    : loaded 2 times (x 70B)
Class com.google.gson.internal.bind.CollectionTypeAdapterFactory$Adapter              : loaded 2 times (x 74B)
Class com.google.gson.internal.bind.TypeAdapters$8                                    : loaded 2 times (x 75B)
Class com.amazon.ion.impl.bin.WriteBuffer                                             : loaded 2 times (x 78B)
Class com.amazon.ion.impl.bin.IonManagedBinaryWriter                                  : loaded 2 times (x 166B)
Class org.jetbrains.plugins.gradle.tooling.serialization.internal.IdeaProjectSerializationService$WriteContext$8: loaded 2 times (x 83B)
Class gnu.trove.TObjectIntProcedure                                                   : loaded 2 times (x 70B)
Class [Lorg.gradle.api.JavaVersion;                                                   : loaded 2 times (x 69B)
Class org.gradle.tooling.model.idea.IdeaDependencyScope                               : loaded 2 times (x 70B)
Class org.gradle.internal.time.TimeSource                                             : loaded 2 times (x 70B)
Class org.gradle.tooling.model.kotlin.dsl.KotlinDslScriptsModel                       : loaded 2 times (x 70B)
Class [Lcom.google.common.collect.HashBiMap$BiEntry;                                  : loaded 2 times (x 69B)
Class com.google.common.collect.MapMakerInternalMap$InternalEntry                     : loaded 2 times (x 70B)
Class com.google.common.reflect.Types$TypeVariableInvocationHandler                   : loaded 2 times (x 75B)
Class com.google.common.collect.ImmutableMapEntry                                     : loaded 2 times (x 85B)
Class org.jetbrains.plugins.gradle.tooling.ModelBuilderService$ParameterizedModelBuilderService: loaded 2 times (x 70B)
Class org.jetbrains.plugins.gradle.tooling.builder.EarModelBuilderImpl                : loaded 2 times (x 86B)
Class com.android.ide.gradle.model.artifacts.builder.AdditionalClassifierArtifactsModelBuilder: loaded 2 times (x 79B)
Class com.google.gson.internal.bind.TypeAdapters$9                                    : loaded 2 times (x 75B)
Class com.amazon.ion.impl.lite.IonBlobLite                                            : loaded 2 times (x 219B)
Class com.amazon.ion.impl.LocalSymbolTable                                            : loaded 2 times (x 121B)
Class org.jetbrains.plugins.gradle.tooling.serialization.SerializationService         : loaded 2 times (x 70B)
Class com.android.builder.model.v2.ide.TestInfo                                       : loaded 2 times (x 70B)
Class com.google.common.collect.MapDifference                                         : loaded 2 times (x 70B)
Class org.gradle.tooling.internal.gradle.GradleBuildIdentity                          : loaded 2 times (x 70B)
Class com.google.common.base.Predicates                                               : loaded 2 times (x 71B)
Class com.google.common.collect.ImmutableMultimap                                     : loaded 2 times (x 147B)
Class com.google.common.base.Equivalence                                              : loaded 2 times (x 82B)
Class com.google.common.collect.ImmutableMapEntry$NonTerminalImmutableMapEntry        : loaded 2 times (x 85B)
Class org.jetbrains.kotlin.idea.gradleTooling.KotlinDslScriptTaskModelBuilder$Companion: loaded 2 times (x 71B)
Class com.intellij.gradle.toolingExtension.impl.javaModel.manifestModel.JavaGradleManifestModelBuilder: loaded 2 times (x 86B)
Class com.google.common.cache.LocalCache$Strength$3                                   : loaded 2 times (x 81B)
Class com.google.gson.JsonParseException                                              : loaded 2 times (x 82B)
Class com.amazon.ion.IonList                                                          : loaded 2 times (x 70B)
Class org.jetbrains.plugins.gradle.tooling.serialization.internal.adapter.Supplier    : loaded 2 times (x 70B)
Class com.android.builder.model.v2.ide.JavaCompileOptions                             : loaded 2 times (x 70B)
Class com.google.common.collect.Interner                                              : loaded 2 times (x 70B)
Class org.gradle.tooling.internal.adapter.ProtocolToModelAdapter$MixInMappingAction   : loaded 2 times (x 80B)
Class org.gradle.internal.exceptions.ResolutionProvider                               : loaded 2 times (x 70B)
Class com.google.common.collect.IndexedImmutableSet$1                                 : loaded 2 times (x 213B)
Class com.google.common.cache.CacheBuilder$OneWeigher                                 : loaded 2 times (x 82B)
Class com.google.common.base.Splitter$1                                               : loaded 2 times (x 77B)
Class com.google.common.collect.Interners$InternerImpl                                : loaded 2 times (x 75B)
Class [Lcom.google.common.collect.Maps$EntryFunction;                                 : loaded 2 times (x 69B)
Class com.amazon.ion.IonSystem                                                        : loaded 2 times (x 70B)
Class com.amazon.ion.impl.bin.IonManagedBinaryWriter$ImportedSymbolContext            : loaded 2 times (x 72B)
Class kotlin.text.MatchResult$DefaultImpls                                            : loaded 2 times (x 71B)
Class org.gradle.tooling.model.idea.IdeaCompilerOutput                                : loaded 2 times (x 70B)
Class org.gradle.tooling.model.ProjectIdentifier                                      : loaded 2 times (x 70B)
Class com.google.common.collect.Maps$EntryFunction                                    : loaded 2 times (x 91B)
Class com.google.common.reflect.Types$ClassOwnership$1LocalClass                      : loaded 2 times (x 71B)
Class org.gradle.internal.classloader.ClasspathUtil                                   : loaded 2 times (x 71B)
Class com.intellij.gradle.toolingExtension.impl.model.sourceSetDependencyModel.GradleSourceSetDependencyModelBuilder: loaded 2 times (x 86B)
Class com.google.common.collect.TransformedIterator                                   : loaded 2 times (x 80B)
Class com.google.common.io.ByteStreams                                                : loaded 2 times (x 71B)
Class com.intellij.gradle.toolingExtension.impl.model.sourceSetModel.GradleSourceSetSerialisationService: loaded 2 times (x 77B)
Class com.android.builder.model.v2.ide.ComponentInfo                                  : loaded 2 times (x 70B)
Class kotlin.io.FileSystemException                                                   : loaded 2 times (x 82B)
Class com.android.builder.model.v2.ide.ProjectType                                    : loaded 2 times (x 79B)
Class com.google.common.collect.ComparisonChain                                       : loaded 2 times (x 80B)
Class com.google.common.base.Charsets                                                 : loaded 2 times (x 71B)
Class com.google.common.util.concurrent.Uninterruptibles                              : loaded 2 times (x 71B)
Class org.jetbrains.plugins.gradle.tooling.AbstractModelBuilderService                : loaded 2 times (x 86B)
Class com.google.common.collect.AllEqualOrdering                                      : loaded 2 times (x 114B)
Class com.google.common.collect.ComparisonChain$1                                     : loaded 2 times (x 81B)
Class com.android.builder.model.v2.ide.AbstractArtifact                               : loaded 2 times (x 70B)
Class com.amazon.ion.impl.lite.IonIntLite                                             : loaded 2 times (x 189B)
Class com.amazon.ion.impl._Private_IonReaderBuilder$TwoElementInputStream             : loaded 2 times (x 92B)
Class com.amazon.ion.util._Private_FastAppendable                                     : loaded 2 times (x 70B)
Class [Lcom.amazon.ion.impl.bin.IonRawBinaryWriter$PreallocationMode;                 : loaded 2 times (x 69B)
Class com.android.builder.model.v2.dsl.BaseConfig                                     : loaded 2 times (x 70B)
Class org.gradle.internal.time.TimeSource$1                                           : loaded 2 times (x 77B)
Class com.google.common.collect.Maps                                                  : loaded 2 times (x 71B)
Class org.gradle.api.specs.Spec                                                       : loaded 2 times (x 70B)
Class com.intellij.openapi.externalSystem.model.project.dependencies.ResolutionState  : loaded 2 times (x 79B)
Class com.amazon.ion.impl._Private_ByteTransferSink                                   : loaded 2 times (x 70B)
Class com.amazon.ion.impl.bin.IonManagedBinaryWriter$ImportedSymbolResolverMode$1$1   : loaded 2 times (x 78B)
Class com.amazon.ion.impl._Private_RecyclingStack$ElementFactory                      : loaded 2 times (x 70B)
Class com.google.gson.internal.sql.SqlDateTypeAdapter                                 : loaded 2 times (x 74B)
Class com.amazon.ion.impl.lite.IonSexpLite                                            : loaded 2 times (x 490B)
Class com.amazon.ion.impl.lite.IonListLite                                            : loaded 2 times (x 490B)
Class com.amazon.ion.IonFloat                                                         : loaded 2 times (x 70B)
Class com.google.common.collect.MapMaker                                              : loaded 2 times (x 72B)
Class com.google.common.reflect.Types$JavaVersion                                     : loaded 2 times (x 83B)
Class [Lcom.google.common.collect.ImmutableEntry;                                     : loaded 2 times (x 69B)
Class org.jetbrains.plugins.gradle.tooling.builder.WarModelBuilderImpl                : loaded 2 times (x 86B)
Class com.intellij.gradle.toolingExtension.impl.modelBuilder.ExtraModelBuilder        : loaded 2 times (x 85B)
Class com.amazon.ion.IonDatagram                                                      : loaded 2 times (x 70B)
Class JetGradlePlugin$getJetModelBuilderOrRegisterIfAbsent                            : loaded 2 times (x 146B)
Class com.google.common.cache.LocalCache$Strength$2                                   : loaded 2 times (x 81B)
Class com.google.common.util.concurrent.SettableFuture                                : loaded 2 times (x 114B)
Class com.google.common.reflect.Types$ClassOwnership$3                                : loaded 2 times (x 71B)
Class com.amazon.ion.impl.LocalSymbolTable$Factory                                    : loaded 2 times (x 77B)
Class com.amazon.ion.impl.bin.IonManagedBinaryWriter$ImportedSymbolResolverMode       : loaded 2 times (x 80B)
Class com.intellij.gradle.toolingExtension.impl.model.buildScriptClasspathModel.GradleBuildScriptClasspathSerializationService: loaded 2 times (x 77B)
Class com.google.common.cache.LocalCache$LoadingValueReference                        : loaded 2 times (x 96B)
Class jdk.internal.jimage.decompressor.ResourceDecompressorRepository                 : loaded 2 times (x 71B)
Class com.intellij.gradle.toolingExtension.impl.model.buildScriptClasspathModel.GradleBuildScriptClasspathModelBuilder: loaded 2 times (x 86B)
Class com.google.common.collect.Collections2$FilteredCollection                       : loaded 2 times (x 119B)
Class org.gradle.tooling.model.Dependency                                             : loaded 2 times (x 70B)
Class org.gradle.api.JavaVersion                                                      : loaded 2 times (x 79B)
Class com.google.gson.internal.bind.ReflectiveTypeAdapterFactory$RecordAdapter        : loaded 2 times (x 77B)
Class com.amazon.ion.impl.LocalSymbolTableAsStruct                                    : loaded 2 times (x 126B)
Class com.amazon.ion.impl.lite.IonTimestampLite                                       : loaded 2 times (x 192B)
Class org.jetbrains.plugins.gradle.model.FileCollectionDependency                     : loaded 2 times (x 70B)
Class kotlin.collections.EmptyIterator                                                : loaded 2 times (x 89B)
Class org.gradle.internal.time.Clock                                                  : loaded 2 times (x 70B)
Class org.jetbrains.plugins.gradle.tooling.serialization.GradleExtensionsSerializationService: loaded 2 times (x 77B)
Class com.google.common.collect.MapMakerInternalMap$StrongKeyDummyValueEntry          : loaded 2 times (x 82B)
Class com.google.common.io.LineReader$1                                               : loaded 2 times (x 75B)
Class com.google.common.collect.CollectSpliterators                                   : loaded 2 times (x 71B)
Class com.google.common.collect.AbstractMapBasedMultimap$AsMap                        : loaded 2 times (x 128B)
Class com.google.common.reflect.Invokable$MethodInvokable                             : loaded 2 times (x 107B)
Class com.google.common.base.Platform                                                 : loaded 2 times (x 71B)
Class com.amazon.ion.impl.bin.PooledBlockAllocatorProvider$PooledBlockAllocator       : loaded 2 times (x 81B)
Class com.amazon.ion.IonTimestamp                                                     : loaded 2 times (x 70B)
Class org.jetbrains.plugins.gradle.tooling.builder.DependencyAccessorsModelBuilder    : loaded 2 times (x 81B)
Class com.google.common.cache.LocalCache$Strength$1                                   : loaded 2 times (x 81B)
Class com.google.gson.internal.reflect.ReflectionHelper$RecordNotSupportedHelper      : loaded 2 times (x 78B)
Class com.google.gson.JsonIOException                                                 : loaded 2 times (x 82B)
Class com.amazon.ion.IonString                                                        : loaded 2 times (x 70B)
Class org.jetbrains.plugins.gradle.model.GradleSourceSetDependencyModel               : loaded 2 times (x 70B)
Class [Lcom.android.builder.model.v2.ide.TestInfo$Execution;                          : loaded 2 times (x 69B)
Class kotlin.io.FilePathComponents                                                    : loaded 2 times (x 72B)
Class com.android.builder.model.v2.dsl.ProductFlavor                                  : loaded 2 times (x 70B)
Class com.google.common.collect.CompoundOrdering                                      : loaded 2 times (x 115B)
Class kotlin.sequences.SequencesKt__SequencesJVMKt                                    : loaded 2 times (x 71B)
Class kotlin.coroutines.jvm.internal.RestrictedSuspendLambda                          : loaded 2 times (x 91B)
Class org.gradle.tooling.internal.adapter.TypeInspector                               : loaded 2 times (x 73B)
Class org.gradle.tooling.internal.adapter.ProtocolToModelAdapter$NoOpDecoration       : loaded 2 times (x 79B)
Class org.gradle.tooling.model.Element                                                : loaded 2 times (x 70B)
Class com.google.common.collect.AbstractMapBasedMultimap$WrappedList                  : loaded 2 times (x 205B)
Class [Lorg.objectweb.asm.AnnotationWriter;                                           : loaded 2 times (x 69B)
Class com.google.common.collect.Maps$8                                                : loaded 2 times (x 82B)
Class com.android.ide.gradle.model.builder.GradlePropertiesModelBuilder               : loaded 2 times (x 75B)
Class org.objectweb.asm.ModuleVisitor                                                 : loaded 2 times (x 81B)
Class com.google.common.collect.Sets$4                                                : loaded 2 times (x 139B)
Class com.google.common.reflect.TypeResolver                                          : loaded 2 times (x 72B)
Class com.amazon.ion.BufferConfiguration                                              : loaded 2 times (x 73B)
Class com.amazon.ion.system.SimpleCatalog                                             : loaded 2 times (x 91B)
Class com.intellij.gradle.toolingExtension.impl.model.taskModel.GradleTaskSerialisationService: loaded 2 times (x 76B)
Class com.android.ide.gradle.model.LegacyV1AgpVersionModel                            : loaded 2 times (x 70B)
Class com.google.common.reflect.Types$ClassOwnership$2                                : loaded 2 times (x 80B)
Class com.google.common.collect.MapMakerInternalMap$StrongValueEntry                  : loaded 2 times (x 70B)
Class kotlin.sequences.SequencesKt__SequenceBuilderKt$sequence$$inlined$Sequence$1    : loaded 2 times (x 75B)
Class [Lcom.google.common.collect.Iterators$EmptyModifiableIterator;                  : loaded 2 times (x 69B)
Class com.google.common.base.Predicates$CompositionPredicate                          : loaded 2 times (x 88B)
Class com.google.common.collect.Sets$SetView                                          : loaded 2 times (x 138B)
Class com.google.common.cache.LocalCache$StrongValueReference                         : loaded 2 times (x 90B)
Class com.google.common.util.concurrent.AbstractFuture$SynchronizedHelper             : loaded 2 times (x 78B)
Class com.google.common.io.ByteArrayDataInput                                         : loaded 2 times (x 70B)
Class org.jetbrains.kotlin.idea.gradleTooling.KotlinDslScriptAdditionalTask           : loaded 2 times (x 70B)
Class com.google.gson.LongSerializationPolicy$1                                       : loaded 2 times (x 80B)
Class org.jetbrains.plugins.gradle.tooling.util.IntObjectMap$1                        : loaded 2 times (x 77B)
Class org.gradle.tooling.model.internal.ImmutableDomainObjectSet                      : loaded 2 times (x 155B)
Class com.google.common.graph.SuccessorsFunction                                      : loaded 2 times (x 70B)
Class org.objectweb.asm.Type                                                          : loaded 2 times (x 72B)
Class org.gradle.internal.classloader.VisitableURLClassLoader$InstrumentingVisitableURLClassLoader: loaded 2 times (x 123B)
Class org.jetbrains.kotlin.idea.gradleTooling.model.kapt.KaptGradleModel              : loaded 2 times (x 70B)
Class com.intellij.openapi.externalSystem.model.project.dependencies.UnknownDependencyNode: loaded 2 times (x 87B)
Class org.gradle.internal.service.UnknownServiceException                             : loaded 2 times (x 83B)
Class com.google.common.cache.LocalCache$LocalLoadingCache                            : loaded 2 times (x 134B)
Class com.google.common.util.concurrent.AbstractFuture$SafeAtomicHelper               : loaded 2 times (x 79B)
Class com.google.common.collect.Sets$3                                                : loaded 2 times (x 139B)
Class com.google.gson.LongSerializationPolicy$2                                       : loaded 2 times (x 80B)
Class [Lcom.amazon.ion.impl.bin.IonRawBinaryWriter$StreamFlushMode;                   : loaded 2 times (x 69B)
Class com.amazon.ion.UnsupportedIonVersionException                                   : loaded 2 times (x 85B)
Class [Lcom.android.builder.model.v2.ide.AndroidGradlePluginProjectFlags$BooleanFlag; : loaded 2 times (x 69B)
Class com.android.builder.model.v2.ide.AndroidGradlePluginProjectFlags                : loaded 2 times (x 70B)
Class com.android.builder.model.v2.ide.BasicVariant                                   : loaded 2 times (x 70B)
Class kotlin.sequences.SequencesKt__SequencesKt                                       : loaded 2 times (x 71B)
Class kotlin.coroutines.Continuation                                                  : loaded 2 times (x 70B)
Class com.google.common.collect.MapMakerInternalMap$StrongKeyDummyValueEntry$Helper   : loaded 2 times (x 79B)
Class com.google.common.io.Files$FileByteSink                                         : loaded 2 times (x 77B)
Class org.objectweb.asm.ByteVector                                                    : loaded 2 times (x 79B)
Class [Lcom.google.common.cache.CacheBuilder$NullListener;                            : loaded 2 times (x 69B)
Class com.google.common.math.IntMath$1                                                : loaded 2 times (x 71B)
Class org.gradle.internal.classloader.VisitableURLClassLoader$Spec                    : loaded 2 times (x 74B)
Class org.gradle.internal.classpath.DefaultClassPath                                  : loaded 2 times (x 90B)
Class jdk.internal.jimage.decompressor.ZipDecompressorFactory                         : loaded 2 times (x 74B)
Class [Lorg.objectweb.asm.AnnotationVisitor;                                          : loaded 2 times (x 69B)
Class com.intellij.openapi.externalSystem.model.project.dependencies.ArtifactDependencyNode: loaded 2 times (x 70B)
Class com.google.common.reflect.Types$ClassOwnership$1                                : loaded 2 times (x 80B)
Class com.google.common.base.AbstractIterator$State                                   : loaded 2 times (x 79B)
Class com.google.common.collect.MapMakerInternalMap$Strength$2                        : loaded 2 times (x 80B)
Class kotlin.collections.CollectionsKt___CollectionsKt$asSequence$$inlined$Sequence$1 : loaded 2 times (x 75B)
Class com.amazon.ion.impl.bin.IonManagedBinaryWriter$SymbolState                      : loaded 2 times (x 80B)
Class com.amazon.ion.IonStruct                                                        : loaded 2 times (x 70B)
Class kotlin.sequences.FilteringSequence                                              : loaded 2 times (x 75B)
Class com.android.builder.model.v2.ide.BundleInfo                                     : loaded 2 times (x 70B)
Class com.android.builder.model.v2.ide.SourceProvider                                 : loaded 2 times (x 70B)
Class kotlin.coroutines.jvm.internal.BaseContinuationImpl                             : loaded 2 times (x 87B)
Class org.gradle.util.internal.DefaultGradleVersion                                   : loaded 2 times (x 82B)
Class com.google.common.base.AbstractIterator                                         : loaded 2 times (x 80B)
Class com.google.common.reflect.Types$ClassOwnership                                  : loaded 2 times (x 80B)
Class org.objectweb.asm.Symbol                                                        : loaded 2 times (x 73B)
Class org.jetbrains.kotlin.idea.gradleTooling.KotlinDslScriptTaskModelBuilder         : loaded 2 times (x 86B)
Class com.amazon.ion.impl.lite.IonBoolLite                                            : loaded 2 times (x 178B)
Class com.android.ide.gradle.model.builder.LegacyV1AgpVersionModelBuilder             : loaded 2 times (x 75B)
Class com.google.gson.reflect.TypeToken                                               : loaded 2 times (x 75B)
Class [Lcom.google.gson.Strictness;                                                   : loaded 2 times (x 69B)
Class org.gradle.api.internal.ClassPathProvider                                       : loaded 2 times (x 70B)
Class [Lorg.gradle.api.internal.ClassPathProvider;                                    : loaded 2 times (x 69B)
Class com.google.common.collect.Sets$FilteredSet                                      : loaded 2 times (x 137B)
Class com.google.common.io.Closer                                                     : loaded 2 times (x 78B)
Class com.google.common.io.Java8Compatibility                                         : loaded 2 times (x 71B)
Class com.google.common.base.CharMatcher$Ascii                                        : loaded 2 times (x 112B)
Class com.google.common.collect.RegularImmutableMap$Values                            : loaded 2 times (x 207B)
Class org.gradle.internal.classloader.ClassLoaderSpec                                 : loaded 2 times (x 71B)
Class org.gradle.accessors.dm.LibrariesForLibs$VersionAccessors                       : loaded 2 times (x 84B)
Class org.jetbrains.plugins.gradle.tooling.builder.IntelliJProjectSettingsBuilder     : loaded 2 times (x 78B)
Class com.google.common.collect.Sets$2                                                : loaded 2 times (x 139B)
Class com.google.common.collect.Maps$ViewCachingAbstractMap                           : loaded 2 times (x 125B)
Class com.google.gson.internal.sql.SqlTimestampTypeAdapter$1                          : loaded 2 times (x 75B)
Class com.google.gson.JsonPrimitive                                                   : loaded 2 times (x 93B)
Class com.amazon.ion.impl.IonWriterSystemTextMarkup                                   : loaded 2 times (x 192B)
Class com.amazon.ion.impl.bin.BlockAllocator                                          : loaded 2 times (x 80B)
Class kotlin.jvm.internal.FunctionReferenceImpl                                       : loaded 2 times (x 122B)
Class org.objectweb.asm.AnnotationWriter                                              : loaded 2 times (x 79B)
Class com.google.common.cache.CacheStats                                              : loaded 2 times (x 71B)
Class org.jetbrains.kotlin.idea.gradleTooling.KotlinGradleModelBuilder                : loaded 2 times (x 86B)
Class com.google.common.collect.MapMakerInternalMap$Strength$1                        : loaded 2 times (x 80B)
Class [Lcom.google.gson.ReflectionAccessFilter$FilterResult;                          : loaded 2 times (x 69B)
Class com.google.gson.JsonElement                                                     : loaded 2 times (x 92B)
Class com.amazon.ion.impl._Private_RecyclingQueue                                     : loaded 2 times (x 80B)
Class com.amazon.ion.system.IonWriterBuilderBase                                      : loaded 2 times (x 83B)
Class [Lcom.google.common.base.Function;                                              : loaded 2 times (x 69B)
Class [Lcom.android.builder.model.v2.ide.ProjectType;                                 : loaded 2 times (x 69B)
Class kotlin.jvm.internal.markers.KMutableIterable                                    : loaded 2 times (x 70B)
Class kotlin.Unit                                                                     : loaded 2 times (x 71B)
Class kotlin.sequences.SequencesKt___SequencesJvmKt                                   : loaded 2 times (x 71B)
Class org.gradle.tooling.internal.adapter.ProtocolToModelAdapter$DefaultViewBuilder   : loaded 2 times (x 80B)
Class com.google.common.collect.Interners                                             : loaded 2 times (x 71B)
Class com.google.common.io.Closer$Suppressor                                          : loaded 2 times (x 70B)
Class com.google.common.io.LineProcessor                                              : loaded 2 times (x 70B)
Class com.google.common.collect.ImmutableMultisetGwtSerializationDependencies         : loaded 2 times (x 125B)
Class org.objectweb.asm.RecordComponentWriter                                         : loaded 2 times (x 78B)
Class com.google.common.util.concurrent.AbstractFuture$Listener                       : loaded 2 times (x 72B)
Class Settings_gradle$1$1                                                             : loaded 2 times (x 74B)
Class com.android.ide.gradle.model.composites.BuildMapModelBuilder                    : loaded 2 times (x 75B)
Class com.intellij.gradle.toolingExtension.impl.model.warmUp.GradleTaskWarmUpService  : loaded 2 times (x 86B)
Class com.intellij.gradle.toolingExtension.impl.modelBuilder.DefaultModelBuilderContext: loaded 2 times (x 77B)
Class org.gradle.tooling.ToolingModelContract                                         : loaded 2 times (x 70B)
Class com.google.gson.internal.bind.CollectionTypeAdapterFactory                      : loaded 2 times (x 75B)
Class com.android.ide.common.gradle.Version$Companion$ParseState                      : loaded 2 times (x 70B)
Class [Lcom.android.builder.model.v2.ide.AaptOptions$Namespacing;                     : loaded 2 times (x 69B)
Class org.gradle.tooling.internal.adapter.ProtocolToModelAdapter$ViewGraphDetails$1   : loaded 2 times (x 77B)
Class org.objectweb.asm.Attribute                                                     : loaded 2 times (x 77B)
Class com.google.common.base.Supplier                                                 : loaded 2 times (x 70B)
Class org.gradle.internal.classloader.VisitableURLClassLoader                         : loaded 2 times (x 117B)
Class org.jetbrains.kotlin.idea.gradleTooling.model.allopen.AllOpenModelBuilderService: loaded 2 times (x 85B)
Class sync_studio_tooling1_2if4zhyecv9ljbpy4bpi8chl6                                  : loaded 2 times (x 179B)
Class kotlin.sequences.Sequence                                                       : loaded 2 times (x 70B)
Class kotlin.sequences.SequenceScope                                                  : loaded 2 times (x 73B)
Class com.android.builder.model.v2.models.BasicAndroidProject                         : loaded 2 times (x 70B)
Class kotlin.text.MatchResult                                                         : loaded 2 times (x 70B)
Class com.amazon.ion.impl.bin.IonRawBinaryWriter$1                                    : loaded 2 times (x 77B)
Class [Lcom.amazon.ion.SymbolTable;                                                   : loaded 2 times (x 69B)
Class com.amazon.ion.impl.bin.IonBinaryWriterAdapter$Factory                          : loaded 2 times (x 70B)
Class com.amazon.ion.impl.BlockedBuffer$BufferedOutputStream                          : loaded 2 times (x 90B)
Class org.jetbrains.plugins.gradle.tooling.serialization.ExternalTestsSerializationService$ReadContext: loaded 2 times (x 72B)
Class com.android.ide.common.repository.AgpVersion$Companion                          : loaded 2 times (x 71B)
Class kotlin.sequences.FlatteningSequence$iterator$1                                  : loaded 2 times (x 79B)
Class com.google.common.collect.NaturalOrdering                                       : loaded 2 times (x 115B)
Class com.amazon.ion.SymbolToken                                                      : loaded 2 times (x 70B)
Class org.gradle.tooling.model.idea.IdeaDependency                                    : loaded 2 times (x 70B)
Class com.google.common.collect.ImmutableList$SerializedForm                          : loaded 2 times (x 73B)
Class com.google.common.util.concurrent.AbstractFuture$Waiter                         : loaded 2 times (x 72B)
Class Settings_gradle                                                                 : loaded 2 times (x 128B)
Class jdk.internal.jimage.decompressor.ZipDecompressor                                : loaded 2 times (x 75B)
Class org.jetbrains.kotlin.idea.gradleTooling.PrepareKotlinIdeaImportTaskModelBuilder : loaded 2 times (x 86B)
Class com.amazon.ion.impl.bin.IonRawBinaryWriter                                      : loaded 2 times (x 169B)
Class com.google.gson.internal.bind.TreeTypeAdapter                                   : loaded 2 times (x 75B)
Class com.google.gson.internal.sql.SqlTimeTypeAdapter                                 : loaded 2 times (x 74B)
Class com.amazon.ion.impl.bin.AbstractIonWriter$WriteValueOptimization                : loaded 2 times (x 79B)
Class com.amazon.ion.impl.SharedSymbolTable                                           : loaded 2 times (x 93B)
Class com.android.ide.common.gradle.Version$Companion                                 : loaded 2 times (x 71B)
Class [Lcom.android.builder.model.v2.ide.BytecodeTransformation;                      : loaded 2 times (x 69B)
Class com.android.builder.model.v2.ide.AaptOptions                                    : loaded 2 times (x 70B)
Class kotlin.collections.AbstractMutableList                                          : loaded 2 times (x 206B)
Class com.google.common.collect.HashBiMap                                             : loaded 2 times (x 143B)
Class com.google.common.collect.MapMakerInternalMap                                   : loaded 2 times (x 161B)
Class com.google.common.base.Strings                                                  : loaded 2 times (x 71B)
Class com.google.common.collect.Sets                                                  : loaded 2 times (x 71B)
Class org.objectweb.asm.Handler                                                       : loaded 2 times (x 72B)
Class com.google.common.base.Ticker                                                   : loaded 2 times (x 72B)
Class com.amazon.ion.impl._Private_RecyclingStack$$Iterator                           : loaded 2 times (x 99B)
Class com.google.gson.FieldNamingStrategy                                             : loaded 2 times (x 70B)
Class com.google.gson.JsonArray                                                       : loaded 2 times (x 100B)
Class com.google.gson.internal.bind.TypeAdapters$20                                   : loaded 2 times (x 75B)
Class com.amazon.ion.impl.bin.BlockAllocatorProvider                                  : loaded 2 times (x 72B)
Class org.jetbrains.plugins.gradle.tooling.serialization.internal.IdeaProjectSerializationService$WriteContext: loaded 2 times (x 72B)
Class com.intellij.gradle.toolingExtension.impl.model.sourceSetDependencyModel.GradleSourceSetDependencySerialisationService: loaded 2 times (x 77B)
Class org.jetbrains.plugins.gradle.model.GradleSourceSetModel                         : loaded 2 times (x 70B)
Class com.android.builder.model.v2.models.ndk.NativeModelBuilderParameter             : loaded 2 times (x 70B)
Class kotlin.KotlinNothingValueException                                              : loaded 2 times (x 82B)
Class com.intellij.gradle.toolingExtension.impl.initScript.util.GradleTasksUtil       : loaded 2 times (x 71B)
Class com.google.common.cache.RemovalCause$1                                          : loaded 2 times (x 80B)
Class [Lcom.google.common.cache.LocalCache$Segment;                                   : loaded 2 times (x 69B)
Class [Lcom.google.common.cache.LocalCache$Strength;                                  : loaded 2 times (x 69B)
Class com.google.common.cache.CacheBuilder$1                                          : loaded 2 times (x 85B)
Class com.google.common.collect.ImmutableMap                                          : loaded 2 times (x 120B)
Class org.gradle.internal.classpath.DefaultClassPath$ImmutableUniqueList$Builder      : loaded 2 times (x 75B)
Class com.intellij.gradle.toolingExtension.impl.model.utilTurnOffDefaultTasksModel.TurnOffDefaultTasksModelBuilder: loaded 2 times (x 86B)
Class org.jetbrains.kotlin.idea.gradleTooling.KotlinMPPGradleModelBuilder             : loaded 2 times (x 86B)
Class org.gradle.accessors.dm.LibrariesForLibs$BundleAccessors                        : loaded 2 times (x 73B)
Class org.gradle.api.internal.DefaultClassPathProvider                                : loaded 2 times (x 76B)
Class com.google.gson.internal.bind.TypeAdapters$21                                   : loaded 2 times (x 75B)
Class com.google.gson.FieldNamingPolicy$1                                             : loaded 2 times (x 85B)
Class com.amazon.ion.impl.lite.IonSequenceLite                                        : loaded 2 times (x 432B)
Class com.amazon.ion.impl._Private_Utils$1                                            : loaded 2 times (x 89B)
Class com.amazon.ion.impl.SymbolTableAsStruct                                         : loaded 2 times (x 70B)
Class com.android.ide.gradle.model.dependencies.Coordinates                           : loaded 2 times (x 70B)
Class org.objectweb.asm.AnnotationVisitor                                             : loaded 2 times (x 78B)
Class com.google.common.collect.Sets$1                                                : loaded 2 times (x 139B)
Class org.gradle.tooling.internal.adapter.WeakIdentityHashMap$AbsentValueProvider     : loaded 2 times (x 70B)
Class com.google.common.cache.RemovalCause$2                                          : loaded 2 times (x 80B)
Class com.google.common.collect.MapMakerInternalMap$WeakValueReference                : loaded 2 times (x 70B)
Class com.google.common.cache.LocalCache                                              : loaded 2 times (x 187B)
Class com.google.common.cache.CacheBuilder$2                                          : loaded 2 times (x 79B)
Class com.google.common.base.Splitter                                                 : loaded 2 times (x 72B)
Class com.google.common.collect.Iterators$EmptyModifiableIterator                     : loaded 2 times (x 86B)
Class com.google.common.collect.ComparatorOrdering                                    : loaded 2 times (x 115B)
Class com.android.ide.common.gradle.Numeric                                           : loaded 2 times (x 77B)
Class com.intellij.gradle.toolingExtension.impl.model.buildScriptClasspathModel.GradleBuildScriptClasspathSerializationService$ReadContext: loaded 2 times (x 72B)
Class com.amazon.ion.impl._Private_IonContainer                                       : loaded 2 times (x 70B)
Class com.amazon.ion.impl._Private_RecyclingQueue$ElementFactory                      : loaded 2 times (x 70B)
Class com.google.gson.internal.bind.TypeAdapters$22                                   : loaded 2 times (x 75B)
Class com.google.gson.FieldNamingPolicy$2                                             : loaded 2 times (x 85B)
Class com.google.gson.internal.Excluder$1                                             : loaded 2 times (x 74B)
Class com.amazon.ion.impl.bin.AbstractIonWriter                                       : loaded 2 times (x 161B)
Class gnu.trove.TObjectHash                                                           : loaded 2 times (x 94B)
Class org.jetbrains.plugins.gradle.tooling.util.ObjectCollector$Processor             : loaded 2 times (x 70B)
Class kotlin.collections.EmptySet                                                     : loaded 2 times (x 122B)
Class kotlin.annotation.Target                                                        : loaded 2 times (x 70B)
Class com.google.gson.FieldNamingPolicy                                               : loaded 2 times (x 85B)
Class org.gradle.internal.exceptions.NonGradleCauseExceptionsHolder                   : loaded 2 times (x 70B)
Class org.gradle.tooling.model.idea.IdeaModuleDependency                              : loaded 2 times (x 70B)
Class org.gradle.tooling.internal.adapter.ViewBuilder                                 : loaded 2 times (x 70B)
Class com.google.common.cache.RemovalCause$3                                          : loaded 2 times (x 80B)
Class com.google.common.collect.ArrayListMultimap                                     : loaded 2 times (x 172B)
Class com.google.common.cache.CacheBuilder$3                                          : loaded 2 times (x 72B)
Class [Lcom.google.common.collect.AbstractMapEntry;                                   : loaded 2 times (x 69B)
Class com.google.common.collect.ImmutableEntry                                        : loaded 2 times (x 82B)
Class com.google.gson.FormattingStyle                                                 : loaded 2 times (x 78B)
Class com.intellij.gradle.toolingExtension.impl.model.dependencyGraphModel.GradleDependencyReportGenerator: loaded 2 times (x 73B)
Class com.google.gson.internal.bind.TypeAdapters                                      : loaded 2 times (x 71B)
Class com.google.common.collect.ImmutableEnumMap                                      : loaded 2 times (x 126B)
Class com.google.common.collect.ListMultimap                                          : loaded 2 times (x 70B)
Class com.google.gson.internal.bind.TypeAdapters$23                                   : loaded 2 times (x 75B)
Class com.google.gson.FieldNamingPolicy$3                                             : loaded 2 times (x 85B)
Class com.amazon.ion.system.IonReaderBuilder                                          : loaded 2 times (x 95B)
Class org.jetbrains.plugins.gradle.model.AnnotationProcessingConfig                   : loaded 2 times (x 70B)
Class com.amazon.ion.IonReader                                                        : loaded 2 times (x 70B)
Class org.gradle.tooling.internal.gradle.DefaultProjectIdentifier                     : loaded 2 times (x 86B)
Class com.android.ide.common.gradle.Version                                           : loaded 2 times (x 75B)
Class com.android.builder.model.v2.ide.AndroidLibraryData                             : loaded 2 times (x 70B)
Class com.android.builder.model.v2.ide.ApiVersion                                     : loaded 2 times (x 70B)
Class kotlin.annotation.Retention                                                     : loaded 2 times (x 70B)
Class com.google.common.cache.RemovalCause$4                                          : loaded 2 times (x 80B)
Class com.google.common.base.Suppliers$MemoizingSupplier                              : loaded 2 times (x 79B)
Class com.google.common.collect.CollectPreconditions                                  : loaded 2 times (x 71B)
Class com.android.builder.model.v2.models.AndroidDsl                                  : loaded 2 times (x 70B)
Class com.amazon.ion.IonWriter                                                        : loaded 2 times (x 70B)
Class com.amazon.ion.impl.bin._Private_IonRawWriter                                   : loaded 2 times (x 70B)
Class com.amazon.ion.impl.bin.IonRawBinaryWriter$PreallocationMode                    : loaded 2 times (x 82B)
Class com.amazon.ion.util.InputStreamInterceptor                                      : loaded 2 times (x 70B)
Class com.amazon.ion.impl.lite.IonSystemLite                                          : loaded 2 times (x 275B)
Class com.intellij.gradle.toolingExtension.impl.initScript.util.GradleDebuggerUtil    : loaded 2 times (x 71B)
Class com.google.gson.internal.bind.TypeAdapters$24                                   : loaded 2 times (x 75B)
Class com.google.gson.FieldNamingPolicy$4                                             : loaded 2 times (x 85B)
Class com.amazon.ion.IonClob                                                          : loaded 2 times (x 70B)
Class kotlin.io.FilesKt                                                               : loaded 2 times (x 71B)
Class com.android.builder.model.v2.models.Versions$Version                            : loaded 2 times (x 70B)
Class com.google.common.cache.RemovalCause$5                                          : loaded 2 times (x 80B)
Class com.google.common.collect.Maps$AbstractFilteredMap                              : loaded 2 times (x 127B)
Class [Lcom.google.common.collect.MapMakerInternalMap$Strength;                       : loaded 2 times (x 69B)
Class [Lcom.google.common.io.FileWriteMode;                                           : loaded 2 times (x 69B)
Class com.google.common.collect.SortedMapDifference                                   : loaded 2 times (x 70B)
Class org.gradle.accessors.dm.LibrariesForLibs$AndroidPluginAccessors                 : loaded 2 times (x 74B)
Class com.intellij.openapi.externalSystem.model.project.dependencies.DependencyNode   : loaded 2 times (x 70B)
Class org.gradle.accessors.dm.LibrariesForLibs                                        : loaded 2 times (x 87B)
Class org.gradle.api.internal.classpath.EffectiveClassPath                            : loaded 2 times (x 90B)
Class [Lcom.google.common.collect.ImmutableMapEntry;                                  : loaded 2 times (x 69B)
Class com.google.gson.internal.bind.TypeAdapters$25                                   : loaded 2 times (x 75B)
Class com.google.gson.FieldNamingPolicy$5                                             : loaded 2 times (x 85B)
Class com.amazon.ion.impl.lite.IonLobLite                                             : loaded 2 times (x 184B)
Class com.amazon.ion.impl.lite.IonTextLite                                            : loaded 2 times (x 181B)
Class com.amazon.ion.IonNumber                                                        : loaded 2 times (x 70B)
Class kotlin.sequences.SequencesKt___SequencesKt$flatMap$2                            : loaded 2 times (x 125B)
Class org.gradle.tooling.internal.adapter.ProtocolToModelAdapter$ReflectionMethodInvoker: loaded 2 times (x 76B)
Class com.google.common.cache.LocalCache$WriteThroughEntry                            : loaded 2 times (x 79B)
Class com.google.common.cache.LocalCache$HashIterator                                 : loaded 2 times (x 86B)
Class com.google.common.collect.MapMakerInternalMap$StrongKeyDummyValueSegment        : loaded 2 times (x 142B)
Class com.google.common.collect.Iterables$4                                           : loaded 2 times (x 81B)
Class com.google.common.io.Files                                                      : loaded 2 times (x 71B)
Class com.google.common.cache.LocalCache$EntryFactory                                 : loaded 2 times (x 83B)
Class com.intellij.openapi.externalSystem.model.project.dependencies.ComponentDependencies: loaded 2 times (x 70B)
Class org.jetbrains.plugins.gradle.tooling.ModelBuilderService$Ex                     : loaded 2 times (x 70B)
Class [Lcom.android.ide.common.repository.AgpVersion$PreviewKind;                     : loaded 2 times (x 69B)
Class com.google.common.collect.Ordering                                              : loaded 2 times (x 114B)
Class org.jetbrains.plugins.gradle.tooling.serialization.internal.IdeaProjectSerializationService: loaded 2 times (x 77B)
Class com.google.gson.internal.bind.ObjectTypeAdapter                                 : loaded 2 times (x 74B)
Class com.android.ide.gradle.model.builder.GradlePluginModelBuilder                   : loaded 2 times (x 75B)
Class org.gradle.internal.classloader.ClassLoaderVisitor                              : loaded 2 times (x 76B)
Class com.google.gson.internal.bind.ArrayTypeAdapter                                  : loaded 2 times (x 74B)
Class com.google.gson.internal.bind.TypeAdapters$26                                   : loaded 2 times (x 75B)
Class com.google.gson.FieldNamingPolicy$6                                             : loaded 2 times (x 85B)
Class [Lcom.amazon.ion.impl.bin.IonManagedBinaryWriter$UserState;                     : loaded 2 times (x 69B)
Class com.amazon.ion.impl.bin.utf8.Utf8StringEncoder                                  : loaded 2 times (x 80B)
Class com.amazon.ion.IonBool                                                          : loaded 2 times (x 70B)
Class [Lcom.android.ide.common.gradle.Separator;                                      : loaded 2 times (x 69B)
Class com.google.common.collect.NullsLastOrdering                                     : loaded 2 times (x 115B)
Class com.google.common.base.CharMatcher$None                                         : loaded 2 times (x 112B)
Class com.google.common.collect.Iterables$5                                           : loaded 2 times (x 81B)
Class [Lcom.google.common.collect.MapMaker$Dummy;                                     : loaded 2 times (x 69B)
Class com.google.common.base.CharMatcher$Whitespace                                   : loaded 2 times (x 112B)
Class com.google.common.base.Splitter$1$1                                             : loaded 2 times (x 86B)
Class com.google.common.reflect.Types$NativeTypeVariableEquals                        : loaded 2 times (x 71B)
Class com.google.common.reflect.TypeParameter                                         : loaded 2 times (x 72B)
Class com.google.common.cache.LocalCache$AbstractReferenceEntry                       : loaded 2 times (x 107B)
Class [Lcom.google.common.collect.AbstractIterator$State;                             : loaded 2 times (x 69B)
Class kotlin.sequences.SequencesKt___SequencesKt                                      : loaded 2 times (x 71B)
Class kotlin.text.MatcherMatchResult$groupValues$1                                    : loaded 2 times (x 198B)
Class com.google.common.collect.ReverseNaturalOrdering                                : loaded 2 times (x 114B)
Class com.amazon.ion.impl.bin.IonManagedBinaryWriter$ImportedSymbolResolverMode$2     : loaded 2 times (x 80B)
Class com.google.gson.internal.bind.TypeAdapters$32                                   : loaded 2 times (x 76B)
Class org.jetbrains.plugins.gradle.tooling.builder.ExternalTestsModelBuilderImpl      : loaded 2 times (x 78B)
Class org.gradle.internal.classloader.DefaultClassLoaderFactory                       : loaded 2 times (x 82B)
Class com.google.gson.internal.reflect.ReflectionHelper                               : loaded 2 times (x 71B)
Class com.google.gson.internal.bind.TypeAdapters$27                                   : loaded 2 times (x 75B)
Class com.google.gson.FieldNamingPolicy$7                                             : loaded 2 times (x 85B)
Class com.amazon.ion.IonLoader                                                        : loaded 2 times (x 70B)
Class com.intellij.gradle.toolingExtension.model.repositoryModel.ProjectRepositoriesModel: loaded 2 times (x 70B)
Class org.jetbrains.plugins.gradle.model.GradleProperty                               : loaded 2 times (x 70B)
Class gnu.trove.TObjectCanonicalHashingStrategy                                       : loaded 2 times (x 78B)
Class com.google.common.base.Suppliers                                                : loaded 2 times (x 71B)
Class [Lcom.google.common.cache.CacheBuilder$OneWeigher;                              : loaded 2 times (x 69B)
Class com.android.builder.model.v2.models.VariantDependencies                         : loaded 2 times (x 70B)
Class com.google.common.collect.ImmutableMapKeySet                                    : loaded 2 times (x 152B)
Class org.objectweb.asm.SymbolTable                                                   : loaded 2 times (x 72B)
Class com.google.common.cache.CacheLoader$InvalidCacheLoadException                   : loaded 2 times (x 82B)
Class org.gradle.internal.classloader.SystemClassLoaderSpec                           : loaded 2 times (x 71B)
Class JetGradlePlugin$findJetModelBuilder$0                                           : loaded 2 times (x 146B)
Class org.objectweb.asm.MethodTooLargeException                                       : loaded 2 times (x 83B)
Class com.google.common.base.Platform$JdkPatternCompiler                              : loaded 2 times (x 75B)
Class com.google.common.collect.MapMakerInternalMap$Strength                          : loaded 2 times (x 80B)
Class com.google.common.collect.MapMakerInternalMap$StrongKeyDummyValueEntry$LinkedStrongKeyDummyValueEntry: loaded 2 times (x 82B)
Class com.intellij.util.containers.IntObjectHashMap$ArrayProducer                     : loaded 2 times (x 70B)
Class [Lcom.google.gson.LongSerializationPolicy;                                      : loaded 2 times (x 69B)
Class com.amazon.ion.impl._Private_Utils                                              : loaded 2 times (x 71B)
Class com.android.builder.model.v2.ide.TestedTargetVariant                            : loaded 2 times (x 70B)
Class kotlin.text.MatcherMatchResult$groups$1                                         : loaded 2 times (x 151B)
Class kotlin.collections.EmptyMap                                                     : loaded 2 times (x 108B)
Class kotlin.jvm.internal.markers.KMutableCollection                                  : loaded 2 times (x 70B)
Class kotlin.coroutines.intrinsics.IntrinsicsKt                                       : loaded 2 times (x 71B)
Class org.gradle.internal.exceptions.MultiCauseException                              : loaded 2 times (x 70B)
Class org.gradle.internal.time.CountdownTimer                                         : loaded 2 times (x 70B)
Class com.google.common.collect.FluentIterable                                        : loaded 2 times (x 81B)
Class com.google.common.cache.LocalCache$StrongEntry                                  : loaded 2 times (x 108B)
Class com.google.common.util.concurrent.AbstractFuture$TrustedFuture                  : loaded 2 times (x 114B)
Class com.google.common.cache.LoadingCache                                            : loaded 2 times (x 70B)
Class com.amazon.ion.impl.bin.IonManagedBinaryWriter$ImportedSymbolResolverMode$1     : loaded 2 times (x 80B)
Class org.jetbrains.plugins.gradle.tooling.builder.AnnotationProcessingModelBuilder   : loaded 2 times (x 86B)
Class com.amazon.ion.impl.lite.IonSymbolLite                                          : loaded 2 times (x 246B)
Class [Lcom.amazon.ion.impl.bin.IonRawBinaryWriter$StreamCloseMode;                   : loaded 2 times (x 69B)
Class org.jetbrains.kotlin.idea.gradleTooling.AndroidAwareGradleModelProvider$Companion: loaded 2 times (x 71B)
Class com.google.gson.JsonSyntaxException                                             : loaded 2 times (x 82B)
Class com.google.gson.internal.bind.TypeAdapters$31                                   : loaded 2 times (x 76B)
Class com.google.gson.internal.bind.JsonAdapterAnnotationTypeAdapterFactory$DummyTypeAdapterFactory: loaded 2 times (x 75B)
Class com.google.gson.internal.bind.MapTypeAdapterFactory                             : loaded 2 times (x 75B)
Class com.google.gson.internal.bind.TypeAdapters$29                                   : loaded 2 times (x 76B)
Class com.google.gson.JsonNull                                                        : loaded 2 times (x 92B)
Class com.intellij.gradle.toolingExtension.impl.model.projectModel.GradleExternalProjectSerializationService$ReadContext: loaded 2 times (x 73B)
Class com.intellij.gradle.toolingExtension.impl.model.dependencyModel.DependencyWriteContext: loaded 2 times (x 72B)
Class kotlin.coroutines.intrinsics.CoroutineSingletons                                : loaded 2 times (x 79B)
Class org.gradle.tooling.model.ProjectModel                                           : loaded 2 times (x 70B)
Class com.google.common.io.ByteStreams$LimitedInputStream                             : loaded 2 times (x 92B)
Class com.google.common.base.Suppliers$NonSerializableMemoizingSupplier               : loaded 2 times (x 79B)
Class org.objectweb.asm.MethodWriter                                                  : loaded 2 times (x 106B)
Class [Lcom.google.common.cache.Weigher;                                              : loaded 2 times (x 69B)
Class com.google.common.collect.RegularImmutableMap$BucketOverflowException           : loaded 2 times (x 82B)
Class jdk.internal.jimage.decompressor.CompressedResourceHeader                       : loaded 2 times (x 71B)
Class org.jetbrains.kotlin.idea.gradleTooling.KotlinMPPGradleModelBinaryBuilder       : loaded 2 times (x 86B)
Class org.objectweb.asm.ClassVisitor                                                  : loaded 2 times (x 88B)
Class [Lorg.objectweb.asm.Symbol;                                                     : loaded 2 times (x 69B)
Class org.jetbrains.plugins.gradle.model.GradleConfiguration                          : loaded 2 times (x 70B)
Class com.amazon.ion.impl.bin.utf8.Utf8StringEncoderPool                              : loaded 2 times (x 74B)
Class com.amazon.ion.impl._Private_IonSystem                                          : loaded 2 times (x 70B)
Class com.amazon.ion.BufferConfiguration$OversizedValueHandler                        : loaded 2 times (x 70B)
Class com.android.ide.common.gradle.Version$Companion$ParseState$EMPTY                : loaded 2 times (x 74B)
Class kotlin.sequences.SequenceBuilderIterator                                        : loaded 2 times (x 85B)
Class com.google.common.collect.ImmutableMultimap$1                                   : loaded 2 times (x 82B)
Class com.google.common.collect.AbstractMapBasedMultimap$RandomAccessWrappedList      : loaded 2 times (x 205B)
Class com.google.common.reflect.TypeCapture                                           : loaded 2 times (x 71B)
Class com.google.common.cache.LocalCache$Values                                       : loaded 2 times (x 118B)
Class com.google.common.collect.TransformedListIterator                               : loaded 2 times (x 93B)
Class org.gradle.internal.operations.MultipleBuildOperationFailures                   : loaded 2 times (x 95B)
Class org.gradle.tooling.internal.adapter.MethodInvocation                            : loaded 2 times (x 85B)
Class com.google.gson.internal.bind.DefaultDateTypeAdapter$DateType$1                 : loaded 2 times (x 73B)
Class com.amazon.ion.IonDecimal                                                       : loaded 2 times (x 70B)
Class org.jetbrains.plugins.gradle.model.tests.ExternalTestsModel                     : loaded 2 times (x 70B)
Class kotlin.sequences.TransformingSequence                                           : loaded 2 times (x 75B)
Class com.android.utils.FileUtils                                                     : loaded 2 times (x 71B)
Class com.android.ide.common.repository.AgpVersion$Companion$WhenMappings             : loaded 2 times (x 71B)
Class org.gradle.tooling.model.idea.IdeaLanguageLevel                                 : loaded 2 times (x 70B)
Class org.gradle.tooling.internal.adapter.ProtocolToModelAdapter$SafeMethodInvoker    : loaded 2 times (x 76B)
Class org.gradle.tooling.internal.adapter.WeakIdentityHashMap$WeakKey                 : loaded 2 times (x 79B)
Class org.gradle.internal.exceptions.DefaultMultiCauseException                       : loaded 2 times (x 95B)
Class com.google.common.collect.AbstractIterator$State                                : loaded 2 times (x 79B)
Class com.google.common.collect.ImmutableMultimap$2                                   : loaded 2 times (x 81B)
Class com.google.common.reflect.Types$JavaVersion$1                                   : loaded 2 times (x 83B)
Class com.google.common.collect.RegularImmutableBiMap                                 : loaded 2 times (x 149B)
Class com.google.common.cache.LocalCache$ValueReference                               : loaded 2 times (x 70B)
Class com.android.builder.model.v2.ide.AaptOptions$Namespacing                        : loaded 2 times (x 79B)
Class com.intellij.util.ThrowableConsumer                                             : loaded 2 times (x 70B)
Class com.google.gson.TypeAdapterFactory                                              : loaded 2 times (x 70B)
Class com.google.gson.internal.bind.JsonTreeReader                                    : loaded 2 times (x 98B)
Class com.google.gson.internal.bind.TypeAdapters$30                                   : loaded 2 times (x 76B)
Class jdk.internal.jimage.decompressor.StringSharingDecompressorFactory               : loaded 2 times (x 74B)
Class com.google.gson.internal.LazilyParsedNumber                                     : loaded 2 times (x 78B)
Class com.amazon.ion.impl.bin.IonRawBinaryWriter$StreamCloseMode                      : loaded 2 times (x 79B)
Class com.amazon.ion.impl._Private_IonBinaryWriterBuilder$Mutable                     : loaded 2 times (x 115B)
Class com.intellij.gradle.toolingExtension.impl.model.projectModel.GradleExternalProjectSerializationService: loaded 2 times (x 77B)
Class com.android.builder.model.v2.ide.ProjectInfo                                    : loaded 2 times (x 70B)
Class kotlin.collections.ArrayDeque$Companion                                         : loaded 2 times (x 71B)
Class org.gradle.tooling.model.HierarchicalElement                                    : loaded 2 times (x 70B)
Class com.google.common.reflect.Types$JavaVersion$2                                   : loaded 2 times (x 83B)
Class com.google.common.reflect.Types                                                 : loaded 2 times (x 71B)
Class com.google.common.hash.PrimitiveSink                                            : loaded 2 times (x 70B)
Class com.google.common.base.PatternCompiler                                          : loaded 2 times (x 70B)
Class com.google.common.util.concurrent.AbstractFuture$Failure                        : loaded 2 times (x 72B)
Class com.google.common.base.Equivalence$Equals                                       : loaded 2 times (x 82B)
Class com.google.common.collect.Hashing                                               : loaded 2 times (x 71B)
Class com.android.ide.gradle.model.builder.LegacyAndroidGradlePluginPropertiesModelBuilder$Companion: loaded 2 times (x 71B)
Class com.google.common.collect.ImmutableMap$MapViewOfValuesAsSingletonSets           : loaded 2 times (x 126B)
Class com.google.common.collect.RegularImmutableMap                                   : loaded 2 times (x 121B)
Class com.google.common.io.ByteArrayDataOutput                                        : loaded 2 times (x 70B)
Class org.gradle.tooling.internal.adapter.TargetTypeProvider                          : loaded 2 times (x 70B)
Class com.android.builder.model.v2.ide.AndroidArtifact                                : loaded 2 times (x 70B)
Class org.jetbrains.plugins.gradle.model.GradleExtensions                             : loaded 2 times (x 70B)
Class com.google.gson.stream.JsonReader                                               : loaded 2 times (x 97B)
Class com.amazon.ion.impl.bin.IonRawBinaryWriter$PatchPoint                           : loaded 2 times (x 73B)
Class com.amazon.ion.IonBlob                                                          : loaded 2 times (x 70B)
Class com.amazon.ion.IonLob                                                           : loaded 2 times (x 70B)
Class com.amazon.ion.IonSequence                                                      : loaded 2 times (x 70B)
Class org.jetbrains.plugins.gradle.tooling.serialization.ExternalTestsSerializationService: loaded 2 times (x 77B)
Class org.jetbrains.plugins.gradle.model.AnnotationProcessingModel                    : loaded 2 times (x 70B)
Class com.android.builder.model.v2.dsl.DependenciesInfo                               : loaded 2 times (x 70B)
Class com.amazon.ion.system.IonBinaryWriterBuilder                                    : loaded 2 times (x 99B)
Class com.google.common.collect.ByFunctionOrdering                                    : loaded 2 times (x 115B)
Class kotlin.coroutines.EmptyCoroutineContext                                         : loaded 2 times (x 77B)
Class org.gradle.internal.time.Time                                                   : loaded 2 times (x 71B)
Class com.google.common.collect.ImmutableSetMultimap                                  : loaded 2 times (x 180B)
Class com.google.common.io.CharSink                                                   : loaded 2 times (x 79B)
Class com.google.common.reflect.Types$JavaVersion$3                                   : loaded 2 times (x 83B)
Class org.objectweb.asm.Label                                                         : loaded 2 times (x 73B)
Class org.objectweb.asm.CurrentFrame                                                  : loaded 2 times (x 73B)
Class org.objectweb.asm.ClassTooLargeException                                        : loaded 2 times (x 83B)
Class org.jetbrains.kotlin.idea.gradleTooling.model.parcelize.ParcelizeModelBuilderService: loaded 2 times (x 81B)
Class JetGradlePlugin                                                                 : loaded 2 times (x 96B)
Class com.amazon.ion.impl.bin.IonManagedBinaryWriter$UserState$4                      : loaded 2 times (x 85B)
Class com.google.gson.stream.MalformedJsonException                                   : loaded 2 times (x 82B)
Class com.google.gson.internal.reflect.ReflectionHelper$RecordSupportedHelper         : loaded 2 times (x 78B)
Class com.amazon.ion.system.IonTextWriterBuilder                                      : loaded 2 times (x 98B)
Class com.amazon.ion.impl.bin.IonManagedBinaryWriter$ImportedSymbolResolverMode$1$1$1 : loaded 2 times (x 76B)
Class com.amazon.ion.impl._Private_LocalSymbolTableFactory                            : loaded 2 times (x 70B)
Class org.jetbrains.plugins.gradle.tooling.serialization.AnnotationProcessingModelSerializationService: loaded 2 times (x 77B)
Class org.jetbrains.plugins.gradle.model.UnresolvedExternalDependency                 : loaded 2 times (x 70B)
Class com.intellij.openapi.externalSystem.model.project.dependencies.ProjectDependencyNode: loaded 2 times (x 70B)
Class com.android.ide.common.gradle.Version$Companion$ParseState$NUMERIC              : loaded 2 times (x 74B)
Class org.gradle.api.internal.classpath.ManifestUtil                                  : loaded 2 times (x 71B)
Class com.google.common.util.concurrent.ExecutionError                                : loaded 2 times (x 82B)
Class com.android.ide.common.repository.AgpVersion$PreviewKind                        : loaded 2 times (x 79B)
Class com.android.builder.model.v2.models.ProjectGraph                                : loaded 2 times (x 70B)
Class com.google.common.collect.Maps$IteratorBasedAbstractMap                         : loaded 2 times (x 125B)
Class com.google.common.collect.Table                                                 : loaded 2 times (x 70B)
Class com.google.common.collect.MapMakerInternalMap$InternalEntryHelper               : loaded 2 times (x 70B)
Class com.google.common.reflect.Types$JavaVersion$4                                   : loaded 2 times (x 83B)
Class org.objectweb.asm.Frame                                                         : loaded 2 times (x 73B)
Class org.objectweb.asm.MethodVisitor                                                 : loaded 2 times (x 105B)
Class com.google.common.cache.LocalCache$EntryFactory$1                               : loaded 2 times (x 83B)
Class [Lcom.google.common.cache.RemovalListener;                                      : loaded 2 times (x 69B)
Class org.jetbrains.kotlin.idea.gradleTooling.OrphanSourceSetImportingChecker         : loaded 2 times (x 74B)
Class com.google.common.collect.ImmutableEnumSet                                      : loaded 2 times (x 146B)
Class com.google.common.collect.AbstractMapBasedMultimap$WrappedCollection            : loaded 2 times (x 124B)
Class [Lcom.google.common.cache.RemovalCause;                                         : loaded 2 times (x 69B)
Class org.gradle.tooling.internal.adapter.ProtocolToModelAdapter$InvocationHandlerImpl: loaded 2 times (x 77B)
Class org.gradle.tooling.model.build.GradleEnvironment                                : loaded 2 times (x 70B)
Class com.google.gson.internal.bind.JsonAdapterAnnotationTypeAdapterFactory           : loaded 2 times (x 75B)
Class com.amazon.ion.impl.lite.IonNullLite                                            : loaded 2 times (x 175B)
Class org.jetbrains.plugins.gradle.model.DependencyAccessorsModel                     : loaded 2 times (x 70B)
Class [Lcom.intellij.openapi.externalSystem.model.project.dependencies.ResolutionState;: loaded 2 times (x 69B)
Class gnu.trove.TObjectIntHashMap                                                     : loaded 2 times (x 109B)
Class com.android.builder.model.v2.models.VariantDependenciesAdjacencyList            : loaded 2 times (x 70B)
Class com.google.common.reflect.Types$JavaVersion$5                                   : loaded 2 times (x 71B)
Class [Lcom.google.common.reflect.Types$ClassOwnership;                               : loaded 2 times (x 69B)
Class com.google.common.cache.LocalCache$EntryFactory$2                               : loaded 2 times (x 83B)
Class org.gradle.api.internal.classpath.GlobalCacheRootsProvider                      : loaded 2 times (x 70B)
Class org.jetbrains.kotlin.idea.gradleTooling.model.lombok.LombokModelBuilderService  : loaded 2 times (x 87B)
Class org.jetbrains.plugins.gradle.tooling.util.IntObjectMap$ObjectFactory            : loaded 2 times (x 70B)
Class com.amazon.ion.IonException                                                     : loaded 2 times (x 84B)
Class com.amazon.ion.util.GzipStreamInterceptor                                       : loaded 2 times (x 85B)
Class com.amazon.ion.impl.bin.IonManagedBinaryWriter$UserState$3                      : loaded 2 times (x 85B)
Class com.google.gson.JsonObject                                                      : loaded 2 times (x 93B)
Class com.intellij.gradle.toolingExtension.impl.initScript.util.GradleLifecycleUtil   : loaded 2 times (x 71B)
Class com.google.gson.internal.bind.NumberTypeAdapter                                 : loaded 2 times (x 74B)
Class com.amazon.ion.impl.lite.IonClobLite                                            : loaded 2 times (x 220B)
Class com.amazon.ion.impl._Private_ValueFactory                                       : loaded 2 times (x 70B)
Class com.amazon.ion.impl.bin.IonRawBinaryWriter$PreallocationMode$1                  : loaded 2 times (x 82B)
Class [Lcom.amazon.ion.impl.bin._Private_IonManagedBinaryWriterBuilder$AllocatorMode; : loaded 2 times (x 69B)
Class org.jetbrains.kotlin.idea.gradleTooling.KotlinMPPGradleModel                    : loaded 2 times (x 70B)
Class org.gradle.tooling.model.BuildIdentifier                                        : loaded 2 times (x 70B)
Class com.google.common.collect.CollectCollectors                                     : loaded 2 times (x 71B)
Class org.objectweb.asm.ModuleWriter                                                  : loaded 2 times (x 82B)
Class com.google.common.cache.LocalCache$EntryFactory$3                               : loaded 2 times (x 83B)
Class com.google.common.base.Ticker$1                                                 : loaded 2 times (x 72B)
Class com.google.common.collect.Maps$BiMapConverter                                   : loaded 2 times (x 90B)
Class com.google.common.collect.ImmutableMapEntrySet$RegularEntrySet                  : loaded 2 times (x 152B)
Class com.google.gson.ToNumberPolicy$1                                                : loaded 2 times (x 83B)
Class [Lcom.google.gson.FieldNamingStrategy;                                          : loaded 2 times (x 69B)
Class com.google.gson.internal.Excluder                                               : loaded 2 times (x 75B)
Class com.amazon.ion.IonInt                                                           : loaded 2 times (x 70B)
Class com.amazon.ion.impl.bin.IonRawBinaryWriter$PreallocationMode$2                  : loaded 2 times (x 82B)
Class org.jetbrains.kotlin.idea.gradleTooling.PrepareKotlinIdeImportTaskModel         : loaded 2 times (x 70B)
Class org.gradle.internal.classloader.ClassLoaderHierarchy                            : loaded 2 times (x 70B)
Class com.android.builder.model.v2.ide.VectorDrawablesOptions                         : loaded 2 times (x 70B)
Class com.google.common.collect.SetMultimap                                           : loaded 2 times (x 70B)
Class com.google.common.collect.CollectSpliterators$1                                 : loaded 2 times (x 90B)
Class com.google.common.cache.LocalCache$EntryFactory$4                               : loaded 2 times (x 83B)
Class com.google.common.collect.ImmutableSet$Builder                                  : loaded 2 times (x 85B)
Class org.jetbrains.kotlin.idea.gradleTooling.AbstractKotlinGradleModelBuilder$Companion: loaded 2 times (x 71B)
Class com.google.common.io.FileWriteMode                                              : loaded 2 times (x 79B)
Class [Lcom.google.common.base.AbstractIterator$State;                                : loaded 2 times (x 69B)
Class com.google.gson.internal.ReflectionAccessFilterHelper                           : loaded 2 times (x 71B)
Class com.google.gson.internal.reflect.ReflectionHelper$RecordHelper                  : loaded 2 times (x 75B)
Class com.google.gson.ToNumberPolicy$2                                                : loaded 2 times (x 83B)
Class com.amazon.ion.impl.bin.IonRawBinaryWriter$PreallocationMode$3                  : loaded 2 times (x 82B)
Class com.android.ide.gradle.model.GradlePluginModel                                  : loaded 2 times (x 70B)
Class com.android.builder.model.v2.ide.Edge                                           : loaded 2 times (x 70B)
Class com.google.common.collect.ReverseOrdering                                       : loaded 2 times (x 115B)
Class com.android.builder.model.v2.models.VariantDependenciesFlatList                 : loaded 2 times (x 70B)
Class org.gradle.tooling.model.build.JavaEnvironment                                  : loaded 2 times (x 70B)
Class com.google.common.io.ByteStreams$1                                              : loaded 2 times (x 85B)
Class com.google.common.cache.LocalCache$EntryFactory$5                               : loaded 2 times (x 83B)
Class [Lcom.google.common.collect.MapMakerInternalMap$Segment;                        : loaded 2 times (x 69B)
Class com.google.common.cache.LocalCache$ValueIterator                                : loaded 2 times (x 86B)
Class kotlin.sequences.SequencesKt__SequenceBuilderKt                                 : loaded 2 times (x 71B)
Class kotlin.io.FilesKt__FileTreeWalkKt                                               : loaded 2 times (x 71B)
Class kotlin.jvm.internal.CollectionToArray                                           : loaded 2 times (x 71B)
Class kotlin.sequences.FilteringSequence$iterator$1                                   : loaded 2 times (x 79B)
Class org.jetbrains.plugins.gradle.model.GradleExtension                              : loaded 2 times (x 70B)
Class com.google.gson.internal.bind.ReflectiveTypeAdapterFactory$FieldsData           : loaded 2 times (x 72B)
Class com.google.gson.ToNumberPolicy$3                                                : loaded 2 times (x 83B)
Class com.amazon.ion.impl.lite.IonDecimalLite                                         : loaded 2 times (x 188B)
Class com.amazon.ion.IonBufferConfiguration$Builder                                   : loaded 2 times (x 78B)
Class com.android.builder.model.v2.ide.SourceSetContainer                             : loaded 2 times (x 70B)
Class org.gradle.internal.time.Timer                                                  : loaded 2 times (x 70B)
Class com.intellij.gradle.toolingExtension.impl.model.sourceSetModel.GradleSourceSetSerialisationService$Companion: loaded 2 times (x 71B)
Class com.google.common.cache.LocalCache$EntryFactory$6                               : loaded 2 times (x 83B)
Class org.gradle.internal.installation.CurrentGradleInstallationLocator               : loaded 2 times (x 71B)
Class com.amazon.ion.impl._Private_IonValue                                           : loaded 2 times (x 70B)
Class com.google.gson.ToNumberPolicy$4                                                : loaded 2 times (x 83B)
Class [Lcom.amazon.ion.impl.bin.IonRawBinaryWriter$ContainerType;                     : loaded 2 times (x 69B)
Class com.android.builder.model.v2.ide.LintOptions                                    : loaded 2 times (x 70B)
Class org.gradle.tooling.internal.adapter.ProtocolToModelAdapter$ViewGraphDetails     : loaded 2 times (x 72B)
Class org.gradle.tooling.model.idea.IdeaProject                                       : loaded 2 times (x 70B)
Class org.gradle.tooling.model.DomainObjectSet                                        : loaded 2 times (x 70B)
Class com.google.common.collect.ImmutableMultimap$Builder                             : loaded 2 times (x 86B)
Class com.google.common.collect.Maps$KeySet                                           : loaded 2 times (x 137B)
Class com.google.common.cache.LocalCache$EntryFactory$7                               : loaded 2 times (x 83B)
Class com.google.common.collect.ImmutableSet$EmptySetBuilderImpl                      : loaded 2 times (x 76B)
Class org.gradle.internal.service.DefaultServiceLocator                               : loaded 2 times (x 83B)
Class com.amazon.ion.impl.bin.IonManagedBinaryWriter$UserState$2                      : loaded 2 times (x 85B)
Class com.android.ide.gradle.model.dependencies.DeclaredDependenciesModelBuilder      : loaded 2 times (x 75B)
Class org.jetbrains.plugins.gradle.tooling.builder.ScalaModelBuilderImpl              : loaded 2 times (x 81B)
Class org.jetbrains.plugins.gradle.tooling.ModelBuilderContext                        : loaded 2 times (x 70B)
Class com.intellij.gradle.toolingExtension.impl.util.collectionUtil.GradleCollectionVisitor: loaded 2 times (x 70B)
Class com.intellij.gradle.toolingExtension.impl.model.dependencyGraphModel.GradleDependencyGraphModelBuilder: loaded 2 times (x 82B)
Class com.google.gson.internal.sql.SqlTypesSupport                                    : loaded 2 times (x 71B)
Class com.google.gson.Gson                                                            : loaded 2 times (x 72B)
Class com.amazon.ion.impl.bin.utf8.Utf8StringEncoder$Result                           : loaded 2 times (x 74B)
Class com.amazon.ion.impl.bin.utf8.Pool$Allocator                                     : loaded 2 times (x 70B)
Class com.amazon.ion.IonText                                                          : loaded 2 times (x 70B)
Class com.amazon.ion.impl.SymbolTokenImpl                                             : loaded 2 times (x 81B)
Class com.amazon.ion.SubstituteSymbolTableException                                   : loaded 2 times (x 84B)
Class com.android.builder.model.v2.ide.BasicArtifact                                  : loaded 2 times (x 70B)
Class com.google.common.collect.ComparisonChain$InactiveComparisonChain               : loaded 2 times (x 80B)
Class org.gradle.internal.classloader.FilteringClassLoader                            : loaded 2 times (x 105B)
Class kotlin.coroutines.jvm.internal.SuspendFunction                                  : loaded 2 times (x 70B)
Class org.gradle.util.GradleVersion                                                   : loaded 2 times (x 81B)
Class com.google.common.cache.LocalCache$SoftValueReference                           : loaded 2 times (x 97B)
Class com.google.common.collect.ImmutableMultimap$EntryCollection                     : loaded 2 times (x 128B)
Class com.google.common.collect.Maps$EntrySet                                         : loaded 2 times (x 136B)
Class com.google.common.cache.LocalCache$EntryFactory$8                               : loaded 2 times (x 83B)
Class org.gradle.internal.installation.CurrentGradleInstallation                      : loaded 2 times (x 73B)
Class org.jetbrains.plugins.gradle.model.scala.ScalaModel                             : loaded 2 times (x 70B)
Class com.intellij.openapi.externalSystem.model.project.dependencies.ProjectDependencyNodeImpl: loaded 2 times (x 93B)
Class com.google.common.collect.RegularImmutableMap$KeySet                            : loaded 2 times (x 152B)
Class com.google.gson.Gson$1                                                          : loaded 2 times (x 76B)
Class com.amazon.ion.impl.bin.IonManagedBinaryWriter$ImportDescriptor                 : loaded 2 times (x 76B)
Class com.amazon.ion.SymbolTable                                                      : loaded 2 times (x 70B)
Class org.jetbrains.plugins.gradle.javaModel.JavaGradleManifestModel                  : loaded 2 times (x 70B)
Class org.jetbrains.plugins.gradle.tooling.serialization.GradleExtensionsSerializationService$WriteContext: loaded 2 times (x 72B)
Class com.intellij.gradle.toolingExtension.impl.model.taskModel.GradleTaskSerialisationService$Companion: loaded 2 times (x 71B)
Class kotlin.jvm.internal.Ref$BooleanRef                                              : loaded 2 times (x 71B)
Class kotlin.jvm.internal.StringCompanionObject                                       : loaded 2 times (x 71B)
Class com.google.common.base.Equivalence$Identity                                     : loaded 2 times (x 82B)
Class com.google.common.base.PairwiseEquivalence                                      : loaded 2 times (x 83B)
Class kotlin.coroutines.intrinsics.IntrinsicsKt__IntrinsicsJvmKt                      : loaded 2 times (x 71B)
Class kotlin.coroutines.jvm.internal.CoroutineStackFrame                              : loaded 2 times (x 70B)
Class org.gradle.tooling.internal.adapter.ProtocolToModelAdapter$MethodInvocationCache$MethodInvocationKey: loaded 2 times (x 73B)
Class com.google.common.cache.CacheLoader$1                                           : loaded 2 times (x 75B)
Class org.gradle.util.internal.GUtil                                                  : loaded 2 times (x 71B)
Class com.google.common.io.LineReader                                                 : loaded 2 times (x 72B)
Class kotlin.sequences.FlatteningSequence                                             : loaded 2 times (x 75B)
Class kotlin.text.MatcherMatchResult                                                  : loaded 2 times (x 80B)
Class kotlin.text.MatchGroupCollection                                                : loaded 2 times (x 70B)
Class com.google.gson.Gson$2                                                          : loaded 2 times (x 76B)
Class [Lcom.amazon.ion.impl.bin.IonManagedBinaryWriter$SymbolState;                   : loaded 2 times (x 69B)
Class com.amazon.ion.impl._Private_IonWriterBase                                      : loaded 2 times (x 162B)
Class com.amazon.ion.system.IonSystemBuilder                                          : loaded 2 times (x 75B)
Class com.amazon.ion.IonCatalog                                                       : loaded 2 times (x 70B)
Class com.intellij.gradle.toolingExtension.impl.model.utilTurnOffDefaultTasksModel.TurnOffDefaultTasks: loaded 2 times (x 70B)
Class com.intellij.gradle.toolingExtension.impl.model.sourceSetModel.GradleSourceSetSerialisationService$SourceSetModelReadContext: loaded 2 times (x 72B)
Class com.android.utils.StringHelper                                                  : loaded 2 times (x 71B)
Class kotlin.io.NoSuchFileException                                                   : loaded 2 times (x 82B)
Class com.google.common.io.ByteSource                                                 : loaded 2 times (x 84B)
Class com.google.common.util.concurrent.AbstractFuture$SetFuture                      : loaded 2 times (x 75B)
Class com.google.common.cache.AbstractCache$StatsCounter                              : loaded 2 times (x 70B)
Class com.android.builder.model.v2.ide.ViewBindingOptions                             : loaded 2 times (x 70B)
Class com.android.ide.gradle.model.dependencies.DeclaredDependencies                  : loaded 2 times (x 70B)
Class com.google.gson.internal.bind.ReflectiveTypeAdapterFactory$BoundField           : loaded 2 times (x 75B)
Class com.google.gson.Gson$3                                                          : loaded 2 times (x 75B)
Class com.intellij.gradle.toolingExtension.impl.model.sourceSetModel.GradleSourceSetSerialisationService$SourceSetModelWriteContext: loaded 2 times (x 72B)
Class kotlin.ranges.IntProgressionIterator                                            : loaded 2 times (x 82B)
Class com.android.builder.model.v2.dsl.BuildType                                      : loaded 2 times (x 70B)
Class org.jetbrains.plugins.gradle.tooling.serialization.internal.IdeaProjectSerializationService$ReadContext: loaded 2 times (x 72B)
Class kotlin.coroutines.CoroutineContext                                              : loaded 2 times (x 70B)
Class kotlin.coroutines.jvm.internal.DebugProbesKt                                    : loaded 2 times (x 71B)
Class org.gradle.tooling.internal.adapter.WeakIdentityHashMap                         : loaded 2 times (x 76B)
Class org.gradle.tooling.GradleConnectionException                                    : loaded 2 times (x 83B)
Class org.gradle.tooling.internal.adapter.ProtocolToModelAdapter$1                    : loaded 2 times (x 75B)
Class org.gradle.tooling.internal.adapter.ProtocolToModelAdapter$ViewDecoration       : loaded 2 times (x 70B)
Class com.google.common.collect.MapMakerInternalMap$1                                 : loaded 2 times (x 83B)
Class com.google.common.io.LineBuffer                                                 : loaded 2 times (x 75B)
Class com.google.common.reflect.Types$TypeVariableImpl                                : loaded 2 times (x 72B)
Class org.gradle.internal.installation.GradleInstallation                             : loaded 2 times (x 75B)
Class jdk.internal.jimage.decompressor.ResourceDecompressor$StringsProvider           : loaded 2 times (x 70B)
Class com.amazon.ion.impl.bin.IonManagedBinaryWriter$UserState$1                      : loaded 2 times (x 85B)
Class com.google.gson.internal.bind.DefaultDateTypeAdapter$1                          : loaded 2 times (x 75B)
Class com.google.gson.Gson$4                                                          : loaded 2 times (x 76B)
Class com.google.gson.internal.ConstructorConstructor                                 : loaded 2 times (x 72B)
Class com.amazon.ion.impl._Private_RecyclingQueue$Recycler                            : loaded 2 times (x 70B)
Class com.amazon.ion.impl.lite.ContainerlessContext                                   : loaded 2 times (x 80B)
Class org.jetbrains.plugins.gradle.tooling.serialization.GradleExtensionsSerializationService$ReadContext: loaded 2 times (x 72B)
Class com.google.common.collect.ForwardingCollection                                  : loaded 2 times (x 130B)
Class com.google.common.collect.LexicographicalOrdering                               : loaded 2 times (x 115B)
Class org.gradle.tooling.internal.adapter.MethodInvoker                               : loaded 2 times (x 70B)
Class com.google.common.base.Splitter$Strategy                                        : loaded 2 times (x 70B)
Class com.google.common.collect.Iterables                                             : loaded 2 times (x 71B)
Class org.jetbrains.kotlin.idea.gradleTooling.AbstractKotlinGradleModelBuilder        : loaded 2 times (x 81B)
Class com.google.gson.internal.bind.ObjectTypeAdapter$1                               : loaded 2 times (x 76B)
Class com.google.gson.Gson$FutureTypeAdapter                                          : loaded 2 times (x 76B)
Class ijKotlinCoroutineJvmDebugInit1_3wc4m7miphr4x072p4gqjudu0$_run_closure1$_closure3: loaded 2 times (x 139B)
Class org.gradle.internal.classloader.ClassLoaderFactory                              : loaded 2 times (x 70B)
Class com.google.gson.ReflectionAccessFilter$FilterResult                             : loaded 2 times (x 79B)
Class com.google.gson.Gson$5                                                          : loaded 2 times (x 76B)
Class gnu.trove.PrimeFinder                                                           : loaded 2 times (x 71B)
Class com.amazon.ion.UnexpectedEofException                                           : loaded 2 times (x 84B)
Class com.amazon.ion.IonSexp                                                          : loaded 2 times (x 70B)
Class com.amazon.ion.ReadOnlyValueException                                           : loaded 2 times (x 84B)
Class com.amazon.ion.impl._Private_LocalSymbolTable                                   : loaded 2 times (x 70B)
Class com.amazon.ion.BufferConfiguration$DataHandler                                  : loaded 2 times (x 70B)
Class com.amazon.ion.impl._Private_IonBinaryWriterBuilder                             : loaded 2 times (x 115B)
Class org.jetbrains.plugins.gradle.tooling.serialization.RepositoriesModelSerializationService$WriteContext: loaded 2 times (x 72B)
Class com.android.ide.gradle.model.LegacyAndroidGradlePluginProperties                : loaded 2 times (x 70B)
Class com.android.ide.common.gradle.Part                                              : loaded 2 times (x 77B)
Class com.android.ide.gradle.model.builder.AndroidStudioToolingPluginKt               : loaded 2 times (x 71B)
Class org.gradle.tooling.model.gradle.GradleScript                                    : loaded 2 times (x 70B)

---------------  S Y S T E M  ---------------

OS:
 Windows 11 , 64 bit Build 26100 (10.0.26100.8521)
OS uptime: 0 days 2:17 hours
Hyper-V role detected

CPU: total 20 (initial active 20) (10 cores per cpu, 2 threads per core) family 6 model 183 stepping 1 microcode 0x12b, cx8, cmov, fxsr, ht, mmx, 3dnowpref, sse, sse2, sse3, ssse3, sse4.1, sse4.2, popcnt, lzcnt, tsc, tscinvbit, avx, avx2, aes, erms, clmul, bmi1, bmi2, adx, sha, fma, vzeroupper, clflush, clflushopt, clwb, hv, serialize, rdtscp, rdpid, fsrm, f16c, cet_ibt, cet_ss
Processor Information for the first 20 processors :
  Max Mhz: 3500, Current Mhz: 3500, Mhz Limit: 3500

Memory: 4k page, system-wide physical 32485M (12852M free)
TotalPageFile size 34533M (AvailPageFile size 9434M)
current process WorkingSet (physical memory assigned to process): 889M, peak: 889M
current process commit charge ("private bytes"): 981M, peak: 982M

vm_info: OpenJDK 64-Bit Server VM (21.0.10+-14961533-b1163.108) for windows-amd64 JRE (21.0.10+-14961533-b1163.108), built on 2026-03-02T19:58:50Z by "builder" with MS VC++ 16.10 / 16.11 (VS2019)

END.
